id,crop,Podvib_1,Podvib_2,Podvib_3,Podvib_4,Podvib_5
3536,3,3,3,3,3,3
3739,4,4,4,4,4,4
1294,2,2,2,2,2,2
2859,5,5,5,5,5,5
3685,4,4,4,4,4,4
6443,5,5,5,5,5,5
6889,4,4,4,4,4,4
5703,6,6,6,6,6,6
1112,1,1,1,1,1,1
776,0,0,0,0,0,0
6521,2,2,2,2,2,2
5165,3,3,3,3,3,3
2827,1,1,1,1,1,1
2306,3,3,3,3,3,3
6880,3,3,3,3,3,3
3286,0,0,0,0,0,0
1851,5,5,5,5,5,5
1963,5,5,5,5,5,5
3395,4,4,4,4,4,4
4884,4,4,4,4,4,4
3852,3,3,3,3,3,3
485,3,3,3,3,3,3
3580,2,2,2,2,2,2
5810,5,5,5,5,5,5
30,1,1,1,1,1,1
1879,2,2,2,2,2,2
2228,0,0,0,0,0,0
4913,2,2,2,2,2,2
3481,0,6,0,0,0,0
4706,3,3,3,3,3,3
3172,1,1,1,1,1,1
636,1,1,1,1,1,1
4367,2,2,2,2,2,2
2746,3,3,3,3,3,3
1083,2,2,2,2,2,2
861,4,4,4,4,4,4
6670,0,0,0,0,0,0
903,0,0,0,0,0,0
3217,5,5,5,5,5,5
109,4,4,4,4,4,4
6638,2,4,4,4,2,4
3605,5,5,5,5,5,5
5338,5,5,5,5,5,5
3246,4,4,4,4,4,4
5793,1,1,1,1,1,1
5612,1,1,1,1,1,1
3720,4,4,4,4,4,4
1831,1,1,1,1,1,1
2549,6,6,6,6,6,6
782,0,0,0,0,0,0
6740,0,0,0,0,0,0
3208,3,3,3,3,3,3
2680,1,1,1,1,1,1
2755,5,5,5,5,5,5
1825,0,0,0,0,0,0
1094,0,0,0,0,0,0
4829,6,6,6,6,6,6
2992,4,4,4,4,4,4
2517,3,3,3,3,3,3
4174,5,5,5,5,5,5
2481,5,5,5,5,5,5
2344,1,1,1,1,1,1
1654,1,1,1,1,1,1
5652,5,5,5,5,5,5
5283,0,0,0,0,0,0
2273,2,2,2,2,2,2
5747,2,2,2,2,2,2
4907,6,6,6,6,6,6
3523,2,2,2,2,2,2
4292,1,1,1,1,1,1
3819,1,1,1,1,1,1
2526,3,3,3,3,3,3
4362,0,0,0,0,0,0
4420,0,0,0,0,0,0
1204,1,1,1,1,1,1
4741,0,0,0,0,0,0
3455,6,6,6,6,6,6
5318,3,3,3,3,3,3
2619,5,5,5,5,5,5
6863,1,1,1,1,1,1
1770,5,5,5,5,5,5
829,2,2,2,2,2,2
3340,0,0,0,0,0,0
4329,2,2,2,2,2,2
627,4,4,4,4,4,4
3992,4,4,4,4,4,4
925,2,2,2,2,2,2
295,2,2,2,2,2,2
1052,5,5,5,5,5,5
2404,4,4,4,4,4,4
3424,2,2,2,2,2,2
2412,0,0,0,0,0,0
944,2,2,2,2,2,2
5488,1,1,1,1,1,1
5723,3,3,3,3,3,3
12,0,0,0,0,0,0
1117,5,5,5,5,5,5
5022,6,6,6,6,6,6
4922,3,3,3,3,3,3
6685,4,6,4,4,4,4
1319,1,1,1,1,1,1
3792,0,0,0,0,0,0
6746,6,0,6,6,6,6
6309,2,2,2,2,2,2
2698,1,1,1,1,1,1
2799,3,3,3,3,3,3
6343,0,0,0,0,0,0
653,3,3,3,3,3,3
4467,1,1,1,1,1,1
3381,5,5,5,5,5,5
3826,5,5,5,5,5,5
5444,3,3,3,3,3,3
6733,0,0,0,0,0,0
4322,1,1,1,1,1,1
2673,4,4,4,4,4,4
5025,1,1,1,1,1,1
3706,4,4,4,4,4,4
4782,2,2,2,2,2,2
570,1,1,1,1,1,1
1448,6,6,6,6,6,6
4772,5,5,5,5,5,5
3258,6,6,6,6,6,6
1745,6,4,6,6,6,6
3305,2,2,2,2,2,2
287,1,1,1,1,1,1
1738,1,1,1,1,1,1
4306,1,1,1,1,1,1
6817,5,5,5,5,5,5
4685,3,3,3,3,3,3
4101,4,4,4,4,4,4
5650,5,5,5,5,5,5
6474,5,5,5,5,5,5
1684,0,0,0,0,0,0
5312,3,3,3,3,3,3
1338,0,0,0,0,0,0
2840,1,1,1,1,1,1
5663,5,5,5,5,5,5
2948,4,4,4,4,4,4
5761,4,4,4,4,4,4
3857,4,4,4,4,4,4
4165,0,0,0,0,0,0
5962,0,0,0,0,0,0
2407,2,2,2,2,2,2
6408,2,2,2,2,2,2
1564,2,2,2,2,2,2
5265,2,2,2,2,2,2
6135,4,4,4,4,4,4
6080,6,6,6,6,6,6
2185,0,0,0,0,0,0
2881,1,1,1,1,1,1
1231,5,5,5,5,5,5
4325,6,6,6,6,6,6
1258,6,6,6,6,6,6
1951,6,6,6,6,6,6
6411,1,1,1,1,1,1
113,4,4,4,4,4,4
6479,1,1,1,1,1,1
5245,3,3,3,3,3,3
2533,3,3,3,3,3,3
507,6,6,6,6,6,6
3408,0,0,0,0,0,0
3038,0,0,0,0,0,0
2623,1,1,1,1,1,1
2423,0,0,0,0,0,0
5282,0,0,0,0,0,0
3941,4,4,4,4,4,4
350,0,0,0,0,0,0
4034,2,2,2,2,2,2
3405,3,3,3,3,3,3
3613,3,3,3,3,3,3
1114,0,0,0,0,0,0
6013,2,2,2,2,2,2
298,0,0,0,0,0,0
5384,1,1,1,1,1,1
5476,6,6,6,6,6,6
4957,0,0,0,0,0,0
5255,0,0,0,0,0,0
5633,1,1,1,1,1,1
6475,2,2,2,2,2,2
229,0,0,0,0,0,0
5341,3,3,3,3,3,3
2764,1,1,1,1,1,1
4776,1,1,1,1,1,1
3105,6,6,6,6,6,6
5542,1,1,1,1,1,1
2103,2,2,2,2,2,2
5427,2,2,2,2,2,2
2574,2,2,2,2,2,2
2457,2,2,2,2,2,2
4987,4,4,4,4,4,4
1614,5,5,5,5,5,5
607,6,6,6,6,6,6
2865,3,3,3,3,3,3
1093,1,1,1,1,1,1
5587,6,6,6,6,6,6
6780,2,2,2,2,2,2
6550,4,4,4,4,4,4
203,2,2,2,2,2,2
6211,1,1,1,1,1,1
3806,2,2,2,2,2,2
837,5,5,5,5,5,5
4127,3,3,3,3,3,3
1230,5,5,5,5,5,5
5582,4,4,4,4,4,4
1609,3,3,3,3,3,3
4317,3,3,3,3,3,3
4003,5,5,5,5,5,5
3332,5,5,5,5,5,5
2471,2,2,2,2,2,2
5294,2,2,2,2,2,2
6825,4,4,4,4,4,4
5957,1,1,1,1,1,1
5260,1,1,1,1,1,1
2476,0,0,0,0,0,0
2513,4,4,4,4,4,4
657,1,1,1,1,1,1
790,3,3,3,3,3,3
2304,2,2,2,2,2,2
4173,1,1,1,1,1,1
1359,5,5,5,5,5,5
5058,1,1,1,1,1,1
4668,6,6,6,6,6,6
4998,3,3,3,3,3,3
5234,0,4,0,0,0,0
6024,1,1,1,1,1,1
4731,0,0,0,0,0,0
3150,4,4,4,4,4,4
5271,6,6,6,6,6,6
4712,0,0,0,0,0,0
5890,3,3,3,3,3,3
1780,0,0,0,0,0,0
2516,2,2,2,2,2,2
803,2,2,2,2,2,2
857,3,3,3,3,3,3
5187,0,0,0,0,0,0
3254,2,2,2,2,2,2
4862,5,5,5,5,5,5
219,2,2,2,2,2,2
1288,6,6,6,6,6,6
582,1,1,1,1,1,1
43,1,1,1,1,1,1
1234,3,3,3,3,3,3
3045,1,1,1,1,1,1
6679,6,6,6,6,6,6
1892,4,4,4,4,4,4
6037,3,3,3,3,3,3
6681,2,2,2,2,2,2
5707,2,2,2,2,2,2
1071,6,6,6,6,6,6
718,5,5,5,5,5,5
1505,6,6,6,6,6,6
670,6,6,6,6,6,6
5520,0,0,0,0,0,0
3872,6,6,6,6,6,6
897,3,3,3,3,3,3
5837,6,6,6,6,6,6
6722,2,2,2,2,2,2
5751,0,0,0,0,0,0
2569,2,2,2,2,2,2
5510,2,0,2,2,2,2
2843,5,5,5,5,5,5
5190,5,5,5,5,5,5
5916,6,6,6,6,6,6
5744,3,3,3,3,3,3
5259,5,5,5,5,5,5
1874,6,6,6,6,6,6
1769,2,2,2,2,2,2
5012,3,3,3,3,3,3
4216,3,3,3,3,3,3
1983,4,6,4,4,4,4
531,3,3,3,3,3,3
3412,4,4,4,4,4,4
2906,2,2,2,2,2,2
2163,6,0,6,6,6,6
731,3,3,3,3,3,3
2339,4,6,4,4,4,4
5014,0,0,0,0,0,0
2232,3,3,3,3,3,3
3807,1,1,1,1,1,1
2815,3,3,3,3,3,3
1255,2,2,2,2,2,2
2104,0,0,0,0,0,0
5456,2,2,2,2,2,2
4305,3,3,3,3,3,3
898,4,4,4,4,4,4
428,2,2,2,2,2,2
5632,2,4,2,2,2,2
6741,1,1,1,1,1,1
5400,5,5,5,5,5,5
6243,5,5,5,5,5,5
1222,5,5,5,5,5,5
4053,5,5,5,5,5,5
3879,1,1,1,1,1,1
3821,6,6,6,6,6,6
3058,6,6,6,6,6,6
1096,1,1,1,1,1,1
2072,1,1,1,1,1,1
6230,6,6,6,6,6,6
5094,6,6,6,6,6,6
5820,5,5,5,5,5,5
1788,5,5,5,5,5,5
4999,6,6,6,6,6,6
5036,5,5,5,5,5,5
528,1,1,1,1,1,1
3194,0,0,0,0,0,0
192,3,3,3,3,3,3
4091,1,1,1,1,1,1
1126,3,3,3,3,3,3
2586,2,2,2,2,2,2
4818,1,1,1,1,1,1
5517,5,5,5,5,5,5
304,5,5,5,5,5,5
2650,6,6,6,6,6,6
1292,1,1,1,1,1,1
70,6,6,6,6,6,6
2653,0,0,0,0,0,0
3742,6,6,6,6,6,6
5167,0,0,0,0,0,0
831,6,6,6,6,6,6
3299,2,2,2,2,2,2
1456,1,1,1,1,1,1
4198,6,6,6,6,6,6
238,3,3,3,3,3,3
92,0,0,0,0,0,0
3780,6,6,6,6,6,6
6523,5,5,5,5,5,5
2917,2,2,2,2,2,2
3499,5,5,5,5,5,5
2540,5,5,5,5,5,5
3213,2,2,2,2,2,2
5856,5,5,5,5,5,5
1001,1,1,1,1,1,1
5130,2,2,2,2,2,2
6614,1,1,1,1,1,1
2377,1,1,1,1,1,1
3612,0,0,0,0,0,0
3210,2,2,2,2,2,2
4899,2,2,2,2,2,2
1532,3,3,3,3,3,3
4166,6,6,6,6,6,6
411,1,1,1,1,1,1
2683,3,3,3,3,3,3
6621,0,0,0,0,0,0
6371,2,2,2,2,2,2
5221,1,1,1,1,1,1
3544,4,4,4,4,4,4
3196,0,0,0,0,0,0
6054,6,6,6,6,6,6
6292,6,6,6,6,6,6
6541,1,1,1,1,1,1
2531,2,2,2,2,2,2
633,4,4,4,4,4,4
498,4,4,4,4,4,4
6763,0,0,0,0,0,0
637,2,2,2,2,2,2
720,6,6,6,6,6,6
4012,3,3,3,3,3,3
757,4,4,4,4,4,4
2445,0,0,0,0,0,0
2534,0,2,0,0,0,0
5096,5,5,5,5,5,5
4119,1,1,1,1,1,1
3318,0,0,0,0,0,0
596,5,5,5,5,5,5
2687,6,6,6,6,6,6
1068,5,5,5,5,5,5
1942,6,6,6,6,6,6
1647,4,4,4,4,4,4
6451,0,0,0,0,0,0
1700,1,1,1,1,1,1
6606,1,1,1,1,1,1
4940,4,2,4,4,4,4
86,6,6,6,6,6,6
2308,5,5,5,5,5,5
5501,3,3,3,3,3,3
5835,5,5,5,5,5,5
1029,1,1,1,1,1,1
4010,6,6,6,6,6,6
3639,0,0,0,0,0,0
2144,4,4,4,4,4,4
4310,5,5,5,5,5,5
1200,4,4,4,4,4,4
2025,6,0,6,6,6,6
621,4,4,4,4,4,4
6272,0,0,0,0,0,0
566,6,6,6,6,6,6
1837,1,1,1,1,1,1
1334,1,1,1,1,1,1
2885,5,5,5,5,5,5
6563,4,4,4,4,4,4
2099,4,0,4,4,4,4
4447,3,3,3,3,3,3
6575,1,1,1,1,1,1
3434,0,0,0,0,0,0
1688,5,5,5,5,5,5
745,4,4,4,4,4,4
4708,4,4,4,4,4,4
3658,0,0,0,0,0,0
2187,3,3,3,3,3,3
195,4,4,4,4,4,4
1152,1,1,1,1,1,1
4314,5,5,5,5,5,5
4538,3,3,3,3,3,3
802,2,2,2,2,2,2
4397,2,2,2,2,2,2
2350,2,2,2,2,2,2
4453,4,4,4,4,4,4
2068,2,2,2,2,2,2
5327,2,2,2,2,2,2
644,3,3,3,3,3,3
6097,0,0,0,0,0,0
5168,0,0,0,0,0,0
2572,0,0,0,0,0,0
5817,0,0,0,0,0,0
120,5,5,5,5,5,5
1777,0,0,0,0,0,0
3307,1,1,1,1,1,1
5544,6,6,6,6,6,6
2135,2,2,2,2,2,2
3918,0,0,0,0,0,0
4192,5,5,5,5,5,5
134,0,0,0,0,0,0
6091,1,1,1,1,1,1
4921,1,1,1,1,1,1
4313,5,5,5,5,5,5
62,1,1,1,1,1,1
6548,0,0,0,0,0,0
6004,6,6,6,6,6,6
3355,6,6,6,6,6,6
4796,6,0,6,6,6,6
3624,6,6,6,6,6,6
679,4,4,4,4,4,4
3601,0,0,0,0,0,0
741,2,2,2,2,2,2
1211,6,6,6,6,6,6
2170,0,0,0,0,0,0
3575,4,4,4,4,4,4
4707,6,6,6,6,6,6
567,2,2,2,2,2,2
1873,6,6,6,6,6,6
3165,2,2,2,2,2,2
1717,2,2,2,2,2,2
1392,4,4,4,4,4,4
5178,4,4,4,4,4,4
5621,6,6,6,6,6,6
489,3,3,3,3,3,3
4076,4,4,4,4,4,4
690,6,6,6,6,6,6
4638,1,1,1,1,1,1
602,2,2,2,2,2,2
1911,6,6,6,6,6,6
6610,1,1,1,1,1,1
3555,4,4,4,4,4,4
4880,5,5,5,5,5,5
2641,4,4,4,4,4,4
2366,0,0,0,0,0,0
1187,6,0,6,6,6,6
274,0,0,0,0,0,0
5983,6,6,6,6,6,6
1361,3,3,3,3,3,3
6448,3,3,3,3,3,3
1526,5,5,5,5,5,5
5505,5,5,5,5,5,5
4717,2,2,2,2,2,2
4028,6,6,6,6,6,6
6895,2,2,2,2,2,2
3082,0,0,0,0,0,0
6485,3,3,3,3,3,3
6779,3,3,3,3,3,3
945,0,0,0,0,0,0
5426,0,0,0,0,0,0
2250,2,2,2,2,2,2
3650,4,4,4,4,4,4
3341,0,0,0,0,0,0
2929,6,6,6,6,6,6
2346,2,2,2,2,2,2
68,5,5,5,5,5,5
5050,3,3,3,3,3,3
4896,6,6,6,6,6,6
1598,0,0,0,0,0,0
6567,2,2,2,2,2,2
4002,4,0,4,4,4,4
4466,1,1,1,1,1,1
1503,1,1,1,1,1,1
2775,0,0,0,0,0,0
150,1,1,1,1,1,1
2732,3,3,3,3,3,3
2086,5,5,5,5,5,5
6286,4,4,4,4,4,4
2259,1,1,1,1,1,1
2934,4,0,4,4,4,4
2892,2,2,2,2,2,2
5317,6,0,6,6,6,6
6663,1,1,1,1,1,1
859,2,2,2,2,2,2
3954,0,0,0,0,0,0
2614,4,4,4,4,4,4
4126,0,0,0,0,0,0
3075,0,2,0,0,0,0
366,6,6,6,6,6,6
1432,1,1,1,1,1,1
4824,1,1,1,1,1,1
1779,6,6,6,6,6,6
6738,1,1,1,1,1,1
3135,5,5,5,5,5,5
1818,0,0,0,0,0,0
4395,4,4,4,4,4,4
841,6,6,6,6,6,6
1189,3,3,3,3,3,3
175,0,0,0,0,0,0
3542,0,0,0,0,0,0
617,3,3,3,3,3,3
2093,2,2,2,2,2,2
2846,5,5,5,5,5,5
3931,4,2,4,4,4,4
5627,5,5,5,5,5,5
1030,3,3,3,3,3,3
5018,0,0,0,0,0,0
300,1,1,1,1,1,1
1472,5,5,5,5,5,5
283,4,4,4,4,4,4
2028,3,3,3,3,3,3
4373,6,6,6,6,6,6
5923,1,1,1,1,1,1
5472,1,1,1,1,1,1
1813,3,3,3,3,3,3
1271,4,4,4,4,4,4
3133,5,5,5,5,5,5
3933,6,6,6,6,6,6
3505,5,5,5,5,5,5
2313,0,0,0,0,0,0
2008,2,2,2,2,2,2
5943,6,6,6,6,6,6
3142,1,1,1,1,1,1
6284,3,3,3,3,3,3
3649,6,6,6,6,6,6
3312,5,5,5,5,5,5
3076,3,3,3,3,3,3
99,6,6,6,6,6,6
4180,6,6,6,6,6,6
744,6,6,6,6,6,6
6381,0,0,0,0,0,0
480,0,0,0,0,0,0
4890,3,3,3,3,3,3
6702,6,6,6,6,6,6
4863,2,2,2,2,2,2
1157,5,5,5,5,5,5
1437,1,1,1,1,1,1
2414,1,1,1,1,1,1
3942,3,3,3,3,3,3
402,6,6,6,6,6,6
2195,5,5,5,5,5,5
949,1,1,1,1,1,1
2855,5,5,5,5,5,5
2067,4,4,4,4,4,4
3113,4,4,4,4,4,4
4819,4,4,4,4,4,4
668,1,1,1,1,1,1
218,2,2,2,2,2,2
1962,4,4,4,4,4,4
5537,6,6,6,6,6,6
4059,3,3,3,3,3,3
2213,0,0,0,0,0,0
2633,5,5,5,5,5,5
3916,4,4,4,4,4,4
6125,4,4,4,4,4,4
5774,6,6,6,6,6,6
4562,1,1,1,1,1,1
2145,3,3,3,3,3,3
777,0,0,0,0,0,0
2434,1,1,1,1,1,1
3771,0,0,0,0,0,0
3855,1,1,1,1,1,1
6247,5,5,5,5,5,5
1491,2,2,2,2,2,2
5562,3,3,3,3,3,3
2845,4,4,4,4,4,4
5464,3,3,3,3,3,3
6226,4,0,4,4,4,4
3859,1,1,1,1,1,1
517,0,0,0,0,0,0
6640,6,6,6,6,6,6
3121,0,0,0,0,0,0
5557,0,0,0,0,0,0
6473,4,4,4,4,4,4
6720,2,2,2,2,2,2
3214,3,3,3,3,3,3
3567,4,4,4,4,4,4
568,1,1,1,1,1,1
360,6,6,6,6,6,6
4480,0,0,0,0,0,0
3129,5,5,5,5,5,5
6619,0,0,0,0,0,0
759,0,0,0,0,0,0
3786,4,4,4,4,4,4
6482,4,4,4,4,4,4
5601,5,5,5,5,5,5
6768,2,2,2,2,2,2
214,0,0,0,0,0,0
2820,5,5,5,5,5,5
3684,5,5,5,5,5,5
2751,6,6,6,6,6,6
5055,0,0,0,0,0,0
2705,3,3,3,3,3,3
5990,6,0,6,6,6,6
4055,3,3,3,3,3,3
2244,6,6,6,6,6,6
725,3,3,3,3,3,3
5671,2,2,2,2,2,2
49,3,3,3,3,3,3
5403,4,4,4,4,4,4
887,3,3,3,3,3,3
6034,0,0,0,0,0,0
6403,0,0,0,0,0,0
6229,2,2,2,2,2,2
516,2,2,2,2,2,2
2887,3,3,3,3,3,3
139,1,1,1,1,1,1
2890,0,0,0,0,0,0
2995,6,6,6,6,6,6
4303,6,6,6,6,6,6
6174,1,1,1,1,1,1
463,5,5,5,5,5,5
4239,6,6,6,6,6,6
1233,0,0,0,0,0,0
594,6,6,6,6,6,6
450,1,1,1,1,1,1
3621,6,6,6,6,6,6
3095,6,6,6,6,6,6
6483,3,3,3,3,3,3
312,5,5,5,5,5,5
2966,4,4,4,4,4,4
4157,2,2,2,2,2,2
4639,5,5,5,5,5,5
451,0,0,0,0,0,0
5573,1,1,1,1,1,1
890,0,0,0,0,0,0
3994,4,4,4,4,4,4
1506,1,1,1,1,1,1
6224,6,6,6,6,6,6
6453,0,0,0,0,0,0
999,0,4,0,0,0,0
389,1,1,1,1,1,1
2330,3,3,3,3,3,3
1476,2,2,2,2,2,2
2240,0,0,0,0,0,0
6200,3,3,3,3,3,3
6209,4,4,4,4,4,4
5756,3,3,3,3,3,3
5818,2,2,2,2,2,2
1923,6,6,6,6,6,6
758,2,2,2,2,2,2
6777,4,4,4,4,4,4
6036,0,0,0,0,0,0
1293,5,5,5,5,5,5
6081,1,1,1,1,1,1
6210,1,1,1,1,1,1
3285,3,3,3,3,3,3
1907,4,4,4,4,4,4
6693,1,1,1,1,1,1
4781,5,5,5,5,5,5
368,2,2,2,2,2,2
1937,6,6,6,6,6,6
1151,1,1,1,1,1,1
4368,4,4,4,4,4,4
3317,5,5,5,5,5,5
6790,0,0,0,0,0,0
191,4,4,4,4,4,4
6452,2,2,2,2,2,2
6637,3,3,3,3,3,3
174,2,2,2,2,2,2
1903,6,6,6,6,6,6
1099,1,1,1,1,1,1
5668,0,0,0,0,0,0
6336,4,4,4,4,4,4
2292,3,3,3,3,3,3
6007,5,5,5,5,5,5
6713,2,2,2,2,2,2
6554,3,3,3,3,3,3
3429,0,0,0,0,0,0
1164,4,4,4,4,4,4
3620,5,5,5,5,5,5
4816,2,2,2,2,2,2
3296,6,6,6,6,6,6
5137,1,1,1,1,1,1
5787,0,0,0,0,0,0
1661,1,1,1,1,1,1
508,0,0,0,0,0,0
166,1,1,1,1,1,1
5411,5,5,5,5,5,5
6665,2,2,2,2,2,2
6574,4,4,4,4,4,4
6830,2,2,2,2,2,2
103,4,4,4,4,4,4
3245,3,3,3,3,3,3
5850,0,0,0,0,0,0
6251,3,3,3,3,3,3
4159,6,6,6,6,6,6
4231,5,5,5,5,5,5
1752,4,4,4,4,4,4
6159,4,0,4,4,4,4
5942,3,3,3,3,3,3
1658,4,4,4,4,4,4
152,2,2,2,2,2,2
3479,0,0,0,0,0,0
2483,3,3,3,3,3,3
1583,0,0,0,0,0,0
2552,3,3,3,3,3,3
6632,6,0,6,6,6,6
2922,4,4,4,4,4,4
6504,0,0,0,0,0,0
6119,1,1,1,1,1,1
4745,6,0,6,6,6,6
2209,5,5,5,5,5,5
3552,2,2,2,2,2,2
4686,1,1,1,1,1,1
1822,6,6,6,6,6,6
5321,1,1,1,1,1,1
6267,2,4,2,2,2,2
6328,1,1,1,1,1,1
309,5,5,5,5,5,5
212,2,2,2,2,2,2
4438,1,1,1,1,1,1
4125,3,3,3,3,3,3
3458,3,3,3,3,3,3
495,6,6,6,6,6,6
205,3,3,3,3,3,3
1434,5,5,5,5,5,5
1135,0,0,0,0,0,0
2584,3,3,3,3,3,3
868,2,2,2,2,2,2
3949,0,0,0,0,0,0
305,3,3,3,3,3,3
1849,5,5,5,5,5,5
3718,6,6,6,6,6,6
1988,6,6,6,6,6,6
2798,3,3,3,3,3,3
4105,2,2,2,2,2,2
1534,6,6,6,6,6,6
843,0,0,0,0,0,0
1987,3,3,3,3,3,3
4230,3,3,3,3,3,3
4629,3,3,3,3,3,3
5171,1,1,1,1,1,1
383,3,3,3,3,3,3
1538,0,0,0,0,0,0
211,0,0,0,0,0,0
1957,3,3,3,3,3,3
4506,6,6,6,6,6,6
2438,0,0,0,0,0,0
2727,2,2,2,2,2,2
3607,6,6,6,6,6,6
5406,2,2,2,2,2,2
1349,1,1,1,1,1,1
4309,6,6,6,6,6,6
2879,4,4,4,4,4,4
5278,3,3,3,3,3,3
680,6,0,6,6,6,6
180,3,3,3,3,3,3
6568,1,1,1,1,1,1
2991,5,5,5,5,5,5
6372,0,0,0,0,0,0
278,6,6,6,6,6,6
4888,3,3,3,3,3,3
3252,4,4,4,4,4,4
2480,5,5,5,5,5,5
289,5,5,5,5,5,5
5546,5,5,5,5,5,5
5180,3,3,3,3,3,3
993,0,0,0,0,0,0
2236,1,1,1,1,1,1
3483,6,6,6,6,6,6
39,4,4,4,4,4,4
4864,5,5,5,5,5,5
2754,0,0,0,0,0,0
5531,4,4,4,4,4,4
2939,1,1,1,1,1,1
270,0,0,0,0,0,0
4760,4,4,4,4,4,4
5641,6,6,6,6,6,6
3011,3,3,3,3,3,3
5359,5,5,5,5,5,5
111,5,5,5,5,5,5
1391,5,5,5,5,5,5
2600,5,5,5,5,5,5
220,4,4,4,4,4,4
4139,5,5,5,5,5,5
2944,6,6,6,6,6,6
5969,2,2,2,2,2,2
83,3,3,3,3,3,3
873,4,4,4,4,4,4
6392,5,5,5,5,5,5
6142,3,3,3,3,3,3
461,0,0,0,0,0,0
6063,4,4,4,4,4,4
551,0,0,0,0,0,0
2970,2,2,2,2,2,2
2374,4,4,4,4,4,4
5799,5,5,5,5,5,5
2246,1,1,1,1,1,1
6493,3,3,3,3,3,3
6747,0,6,0,0,0,0
2450,5,5,5,5,5,5
2329,5,5,5,5,5,5
5786,0,0,0,0,0,0
2146,5,5,5,5,5,5
5054,5,5,5,5,5,5
4410,3,3,3,3,3,3
6086,5,5,5,5,5,5
650,5,5,5,5,5,5
708,5,5,5,5,5,5
5897,6,6,6,6,6,6
3303,3,3,3,3,3,3
6732,5,5,5,5,5,5
6572,0,0,0,0,0,0
4623,3,3,3,3,3,3
1424,4,4,4,4,4,4
1216,3,3,3,3,3,3
5266,6,6,6,6,6,6
1924,4,0,4,4,4,4
5082,0,0,0,0,0,0
3608,3,3,3,3,3,3
314,4,4,4,4,4,4
5533,5,5,5,5,5,5
1427,5,5,5,5,5,5
3558,6,6,6,6,6,6
3936,5,5,5,5,5,5
3801,1,1,1,1,1,1
6754,6,6,6,6,6,6
6092,6,6,6,6,6,6
1105,4,6,4,4,4,4
5074,2,2,2,2,2,2
5770,6,6,6,6,6,6
6900,5,5,5,5,5,5
3399,1,1,1,1,1,1
684,4,4,4,4,4,4
5328,0,0,0,0,0,0
2765,4,4,4,4,4,4
2949,5,5,5,5,5,5
5329,5,5,5,5,5,5
2451,2,2,2,2,2,2
5090,5,5,5,5,5,5
326,6,6,6,6,6,6
3827,0,0,0,0,0,0
5769,1,1,1,1,1,1
2176,0,0,0,0,0,0
6130,0,0,0,0,0,0
4032,2,2,2,2,2,2
5970,1,1,1,1,1,1
3143,0,2,0,0,0,0
2787,4,0,4,4,0,4
4693,5,5,5,5,5,5
4152,3,3,3,3,3,3
1676,1,1,1,1,1,1
348,1,1,1,1,1,1
3460,5,5,5,5,5,5
4377,0,0,0,0,0,0
1626,4,4,4,4,4,4
4184,0,0,0,0,0,0
4475,6,6,6,6,6,6
3319,3,3,3,3,3,3
871,1,1,1,1,1,1
6326,5,5,5,5,5,5
3532,0,0,0,0,0,0
3154,4,4,4,4,4,4
2218,1,1,1,1,1,1
5412,1,1,1,1,1,1
2121,5,5,5,5,5,5
3590,3,3,3,3,3,3
3231,3,3,3,3,3,3
85,3,3,3,3,3,3
3782,6,6,6,6,6,6
1877,0,0,0,0,0,0
2801,1,1,1,1,1,1
5448,3,3,3,3,3,3
2640,6,6,6,6,6,6
5905,0,0,0,0,0,0
2880,3,3,3,3,3,3
3197,0,0,0,0,0,0
494,6,6,6,6,6,6
3975,6,6,6,6,6,6
2525,6,6,6,6,6,6
5927,2,2,2,2,2,2
6852,4,4,4,4,4,4
3705,3,3,3,3,3,3
1270,6,6,6,6,6,6
5049,4,4,4,4,4,4
4098,4,4,4,4,4,4
2895,0,0,0,0,0,0
3538,5,5,5,5,5,5
5705,1,1,1,1,1,1
618,6,6,6,6,6,6
5903,5,5,5,5,5,5
3534,0,0,0,0,0,0
6176,4,4,4,4,4,4
3437,5,5,5,5,5,5
2996,3,3,3,3,3,3
5410,5,5,5,5,5,5
1413,2,2,2,2,2,2
2201,3,3,3,3,3,3
2001,4,4,4,4,4,4
5148,5,5,5,5,5,5
869,3,3,3,3,3,3
2358,6,6,6,6,6,6
2006,2,2,2,2,2,2
3151,0,0,0,0,0,0
4775,2,2,2,2,2,2
356,2,2,2,2,2,2
1162,3,3,3,3,3,3
6393,5,5,5,5,5,5
3008,2,2,2,2,2,2
3237,3,3,3,3,3,3
5030,3,3,3,3,3,3
6543,6,6,6,6,6,6
6806,1,1,1,1,1,1
1890,1,1,1,1,1,1
579,6,6,6,6,6,6
6425,5,5,5,5,5,5
3438,3,3,3,3,3,3
1691,0,0,0,0,0,0
862,2,2,2,2,2,2
4669,0,2,0,0,0,0
4237,0,0,0,0,0,0
2380,4,4,4,4,4,4
2378,1,1,1,1,1,1
4861,2,2,2,2,2,2
5343,2,2,2,2,2,2
3464,6,2,6,6,6,6
1116,6,6,6,6,6,6
1541,4,4,4,4,4,4
3692,1,1,1,1,1,1
5309,0,0,0,0,0,0
6346,4,4,4,4,4,4
6361,4,4,4,4,4,4
4655,4,4,4,4,4,4
6208,2,2,2,2,2,2
6886,0,0,0,0,0,0
4610,5,5,5,5,5,5
4489,1,1,1,1,1,1
2500,1,1,1,1,1,1
6095,6,6,6,6,6,6
6111,1,1,1,1,1,1
6113,2,2,2,2,2,2
6121,6,6,6,6,6,6
6792,2,2,2,2,2,2
5322,1,1,1,1,1,1
5196,0,0,0,0,0,0
4574,4,4,4,4,4,4
6577,3,3,3,3,3,3
3282,0,0,0,0,0,0
4004,3,3,3,3,3,3
6114,3,3,3,3,3,3
4581,6,6,6,6,6,6
6617,4,4,4,4,4,4
2052,1,1,1,1,1,1
1776,6,6,6,6,6,6
3630,6,6,6,6,6,6
4215,3,3,3,3,3,3
2536,4,4,4,4,4,4
4953,5,5,5,5,5,5
4930,4,4,4,4,4,4
1592,2,2,2,2,2,2
1723,0,0,0,0,0,0
6601,3,3,3,3,3,3
2611,3,3,3,3,3,3
4689,1,1,1,1,1,1
490,5,5,5,5,5,5
6460,0,0,0,0,0,0
2910,3,3,3,3,3,3
1006,6,6,6,6,6,6
6410,2,2,2,2,2,2
2503,4,4,4,4,4,4
4343,3,3,3,3,3,3
2314,0,0,0,0,0,0
2554,3,3,3,3,3,3
1417,3,3,3,3,3,3
25,6,6,6,6,6,6
2409,5,5,5,5,5,5
1113,4,4,4,4,4,4
4085,0,0,0,0,0,0
1552,3,3,3,3,3,3
6524,6,6,6,6,6,6
5155,6,6,6,6,6,6
3184,5,5,5,5,5,5
433,1,1,4,1,1,1
5508,5,5,5,5,5,5
2655,2,2,2,2,2,2
6896,5,5,5,5,5,5
5251,1,1,1,1,1,1
3971,5,5,5,5,5,5
1127,5,5,5,5,5,5
4536,2,2,2,2,2,2
5120,2,2,2,2,2,2
4038,3,3,3,3,3,3
2518,5,5,5,5,5,5
6633,3,3,3,3,3,3
1102,5,5,5,5,5,5
3276,3,3,3,3,3,3
4048,5,5,5,5,5,5
4160,3,3,3,3,3,3
6003,2,2,2,2,2,2
4791,6,6,6,6,6,6
194,2,2,2,2,2,2
615,1,1,1,1,1,1
643,1,1,1,1,1,1
4961,3,3,3,3,3,3
6075,0,0,0,0,0,0
2776,6,6,6,6,6,6
5661,3,3,3,3,3,3
5831,3,3,3,3,3,3
5347,4,4,4,4,4,4
330,3,3,3,3,3,3
2207,2,2,2,2,2,2
4516,5,5,5,5,5,5
6260,1,1,1,1,1,1
2670,0,0,0,0,0,0
972,0,0,0,0,0,0
483,6,6,6,6,6,6
2420,6,6,6,6,6,6
2602,6,6,6,6,6,6
719,0,0,0,0,0,0
3326,2,2,2,2,2,2
2059,4,4,4,4,4,4
2803,4,4,4,4,4,4
2566,6,6,6,6,6,6
4608,1,1,1,1,1,1
32,5,5,5,5,5,5
664,4,4,0,4,4,4
5922,1,1,1,1,1,1
4661,5,5,5,5,5,5
1444,2,2,2,2,2,2
4561,2,2,2,2,2,2
2792,3,3,3,3,3,3
3207,0,0,4,0,0,0
6727,1,1,1,1,1,1
1705,5,5,5,5,5,5
3218,3,3,3,3,3,3
5214,3,3,3,3,3,3
5945,0,0,0,0,0,0
5162,4,4,4,4,4,4
4787,0,0,0,0,0,0
118,0,0,0,0,0,0
2277,0,0,0,0,0,0
2905,5,5,5,5,5,5
1401,3,3,3,3,3,3
739,5,5,5,5,5,5
2456,4,4,4,4,4,4
170,0,0,0,0,0,0
540,2,2,2,2,2,2
883,0,0,0,0,0,0
6423,0,0,0,0,0,0
3935,2,2,2,2,2,2
6726,4,4,4,4,4,4
3653,1,1,1,1,1,1
674,4,4,4,4,4,4
3909,6,6,6,6,6,6
2915,4,4,4,4,4,4
3161,4,4,0,4,4,4
1815,2,2,4,2,2,2
6157,1,1,1,1,1,1
2100,4,4,4,4,4,4
4649,2,2,2,2,2,2
6839,1,1,1,1,1,1
5813,6,6,6,6,6,6
2101,5,5,5,5,5,5
6762,1,1,1,1,1,1
3767,2,2,2,2,2,2
1548,1,1,1,1,1,1
6018,3,3,3,3,3,3
6549,2,2,6,2,2,2
355,4,4,4,4,4,4
3360,5,5,5,5,5,5
6150,0,0,0,0,0,0
5961,5,5,5,5,5,5
2535,0,0,0,0,0,0
6108,4,4,4,4,4,4
4917,1,1,1,1,1,1
2373,6,6,6,6,6,6
1051,2,2,2,2,2,2
3074,0,0,4,0,0,0
2321,6,6,6,6,6,6
4830,6,6,6,6,6,6
4446,5,5,5,5,5,5
1751,5,5,5,5,5,5
3707,6,6,6,6,6,6
1772,0,0,0,0,0,0
1196,2,2,2,2,2,2
1878,0,0,0,0,0,0
2668,5,5,5,5,5,5
2016,0,0,0,0,0,0
2005,3,3,3,3,3,3
5599,4,4,4,4,4,4
1482,1,1,1,1,1,1
328,5,5,5,5,5,5
648,1,1,1,1,1,1
2945,6,6,6,6,6,6
5519,5,5,5,5,5,5
1123,0,0,0,0,0,0
5863,1,1,1,1,1,1
2788,3,3,3,3,3,3
3966,0,0,0,0,0,0
3316,2,2,2,2,2,2
3816,2,2,2,2,2,2
5310,6,6,6,6,6,6
5777,3,3,3,3,3,3
1259,2,2,2,2,2,2
5257,3,3,3,3,3,3
5749,5,5,5,5,5,5
3625,3,3,3,3,3,3
1519,3,3,3,3,3,3
1378,3,3,3,3,3,3
5038,4,4,4,4,4,4
1023,3,3,3,3,3,3
4900,5,5,5,5,5,5
2918,4,4,4,4,4,4
3858,0,0,0,0,0,0
4908,3,3,3,3,3,3
3203,1,1,1,1,1,1
912,6,6,6,6,6,6
2857,3,3,3,3,3,3
4687,6,6,6,6,6,6
1675,3,3,3,3,3,3
1746,5,5,5,5,5,5
3026,1,1,1,1,1,1
3982,1,1,1,1,1,1
1736,1,1,1,1,1,1
1629,4,4,4,4,4,4
5228,2,2,2,2,2,2
430,1,1,1,1,1,1
1808,5,5,5,5,5,5
4384,6,6,6,6,6,6
5332,6,6,6,6,6,6
6457,2,2,2,2,2,2
4483,5,5,5,5,5,5
234,0,0,6,0,0,0
4332,5,5,5,5,5,5
2222,1,1,1,1,1,1
5418,6,6,6,6,6,6
3803,1,1,1,1,1,1
5838,1,1,1,1,1,1
4247,1,1,1,1,1,1
6155,6,6,6,6,6,6
1948,0,0,0,0,0,0
5277,4,4,4,4,4,4
6124,2,2,2,2,2,2
4250,4,4,4,4,4,4
6316,2,2,2,2,2,2
1995,2,2,2,2,2,2
2671,1,1,1,1,1,1
5742,1,1,1,1,1,1
2224,2,2,2,2,2,2
1106,5,5,5,5,5,5
6418,3,3,3,3,3,3
818,3,3,3,3,3,3
5121,0,0,0,0,0,0
4810,2,2,2,2,2,2
4705,5,5,5,5,5,5
5015,2,2,2,2,2,2
1697,5,5,5,5,5,5
6498,1,1,1,1,1,1
136,5,5,5,5,5,5
1642,5,5,5,5,5,5
5910,2,2,2,2,2,2
3914,0,0,0,0,0,0
6116,2,2,2,2,2,2
1180,3,3,3,3,3,3
4323,3,3,3,3,3,3
888,3,3,3,3,3,3
2987,4,4,4,4,4,4
4763,2,2,2,2,2,2
2437,5,5,5,5,5,5
3441,4,4,4,4,4,4
4619,0,0,0,0,0,0
817,6,6,6,6,6,6
1111,1,1,1,1,1,1
4307,6,6,6,6,6,6
2341,4,4,4,4,4,4
3167,0,0,0,0,0,0
5087,1,1,1,1,1,1
5220,5,5,5,5,5,5
4525,5,5,5,5,5,5
3065,4,4,4,4,4,4
1264,1,1,1,1,1,1
990,4,4,4,4,4,4
1464,2,2,2,2,2,2
1739,2,2,2,2,2,2
4962,2,2,2,2,2,2
5577,5,5,5,5,5,5
353,1,1,1,1,1,1
5261,1,1,1,1,1,1
3313,1,1,1,1,1,1
4844,0,0,0,0,0,0
1489,4,4,4,4,4,4
6731,0,0,0,0,0,0
4622,3,3,3,3,3,3
3130,5,5,5,5,5,5
1228,2,2,2,2,2,2
4103,4,4,4,4,4,4
5067,2,2,2,2,2,2
3948,5,5,5,5,5,5
6531,6,6,6,6,6,6
5125,5,5,5,5,5,5
6454,3,3,3,3,3,3
52,2,2,2,2,2,2
4129,3,3,3,3,3,3
3686,5,5,5,5,5,5
6438,2,2,2,2,2,2
3085,3,3,3,3,3,3
159,5,5,5,5,5,5
4248,5,5,5,5,5,5
1587,0,0,0,0,0,0
1589,3,3,3,3,3,3
1479,4,4,4,4,4,4
4320,6,6,6,6,6,6
3145,2,2,2,2,2,2
1469,2,2,2,2,2,2
4100,4,4,4,4,4,4
3094,5,5,5,5,5,5
5953,5,5,5,5,5,5
6631,0,0,0,0,0,0
2078,6,6,6,6,6,6
6757,6,6,6,6,6,6
4354,4,4,4,4,4,4
6801,6,6,6,6,6,6
3491,1,1,1,1,1,1
2828,3,3,3,3,3,3
436,0,0,6,0,0,0
3869,5,5,5,5,5,5
2960,6,6,6,6,6,6
4596,2,2,2,2,2,2
1588,6,6,6,6,6,6
5362,1,1,1,1,1,1
2780,2,2,2,2,2,2
5078,6,6,6,6,6,6
1590,3,3,3,3,3,3
4204,0,0,0,0,0,0
973,2,2,2,2,2,2
1238,0,0,0,0,0,0
2951,0,0,0,0,0,0
2342,5,5,5,5,5,5
3715,1,1,1,1,1,1
4122,1,1,1,1,1,1
6890,4,4,4,4,4,4
6775,5,5,5,5,5,5
2231,3,3,3,3,3,3
5002,5,5,5,5,5,5
1497,6,6,6,6,6,6
449,4,4,4,4,4,4
2369,5,5,5,5,5,5
3617,0,0,4,0,0,0
6496,2,2,2,2,2,2
2422,1,1,1,1,1,1
6193,5,5,5,5,5,5
3903,5,5,5,5,5,5
5888,6,6,6,6,6,6
1551,3,3,3,3,3,3
6118,1,1,1,1,1,1
1146,1,1,1,1,1,1
4515,1,1,1,1,1,1
2092,6,6,6,6,6,6
1313,1,1,1,1,1,1
2015,1,1,1,1,1,1
187,2,2,2,2,2,2
4163,4,4,4,4,4,4
4713,1,1,1,1,1,1
1381,6,6,0,6,6,6
4461,0,0,0,0,0,0
413,1,1,1,1,1,1
4222,5,5,5,5,5,5
941,1,1,1,1,1,1
801,0,0,0,0,0,0
3336,6,6,6,6,6,6
6463,0,0,0,0,0,0
2750,3,3,3,3,3,3
4376,5,5,5,5,5,5
4228,5,5,5,5,5,5
256,5,5,5,5,5,5
3877,3,3,3,3,3,3
6769,5,5,5,5,5,5
3199,0,0,0,0,0,0
2235,0,0,0,0,0,0
647,6,6,6,6,6,6
1767,1,1,1,1,1,1
4728,2,2,2,2,2,2
3358,4,4,4,4,4,4
6167,0,0,0,0,0,0
3996,0,0,0,0,0,0
5672,3,3,3,3,3,3
24,0,0,0,0,0,0
1088,1,1,1,1,1,1
5331,3,3,3,3,3,3
2694,6,6,6,6,6,6
4350,2,2,2,2,2,2
112,3,3,3,3,3,3
2841,2,2,2,2,2,2
2311,6,6,6,6,6,6
3722,5,5,5,5,5,5
6555,5,5,5,5,5,5
56,1,1,1,1,1,1
1309,3,3,3,3,3,3
695,4,4,4,4,4,4
5023,5,5,5,5,5,5
1227,3,3,3,3,3,3
1999,3,3,3,3,3,3
276,2,2,2,2,2,2
3574,3,3,3,3,3,3
6271,4,4,4,4,4,4
1833,0,0,0,0,0,0
5470,0,0,0,0,0,0
682,2,2,2,2,2,2
4140,2,2,2,2,2,2
4991,5,5,5,5,5,5
3844,1,1,1,1,1,1
1137,5,5,5,5,5,5
2767,5,5,5,5,5,5
4694,1,1,1,1,1,1
4339,4,4,4,4,4,4
6701,6,6,6,6,6,6
1036,1,1,1,1,1,1
6853,4,4,4,4,4,4
5561,0,0,0,0,0,0
1346,2,2,2,2,2,2
6527,0,0,0,0,0,0
3950,3,3,3,3,3,3
2784,1,1,1,1,1,1
3765,3,3,3,3,3,3
2384,5,5,5,5,5,5
2988,3,3,3,3,3,3
115,4,4,4,4,4,4
5698,1,1,1,1,1,1
3400,0,0,0,0,0,0
6866,3,3,3,3,3,3
3119,3,3,3,3,3,3
5829,2,2,2,2,2,2
4434,6,6,6,6,6,6
4955,1,1,1,1,1,1
2819,4,4,4,4,4,4
6673,5,5,5,5,5,5
4378,2,2,2,2,2,2
5743,5,5,5,5,5,5
5676,1,1,1,1,1,1
81,6,6,6,6,6,6
3021,6,6,6,6,6,6
1972,6,6,6,6,6,6
1714,3,3,3,3,3,3
4423,2,2,2,2,2,2
5192,4,4,4,4,4,4
6462,5,5,5,5,5,5
5717,6,6,6,6,6,6
1946,3,3,3,3,3,3
4246,2,2,2,2,2,2
3960,6,6,6,6,6,6
4839,6,6,6,6,6,6
1610,5,5,5,5,5,5
5457,2,2,2,2,2,2
1251,2,2,2,2,2,2
3875,6,6,6,6,6,6
3070,1,1,1,1,1,1
5439,4,4,4,4,4,4
6742,4,4,4,4,4,4
3896,3,3,3,3,3,3
6847,1,1,1,1,1,1
6600,1,1,1,1,1,1
3375,3,3,3,3,3,3
665,1,1,1,1,1,1
2194,3,3,3,3,3,3
4509,1,1,1,1,1,1
6724,1,1,1,1,1,1
1017,4,4,4,4,4,4
557,3,3,3,3,3,3
6009,1,1,1,1,1,1
4296,4,4,4,4,4,4
1207,4,4,4,4,4,4
6446,4,4,4,4,4,4
5027,0,0,0,0,0,0
1510,6,6,6,6,6,6
3573,0,0,0,0,0,0
4486,5,5,5,5,5,5
3211,3,3,3,3,3,3
4700,2,2,2,2,2,2
5048,0,0,0,0,0,0
266,5,5,5,5,5,5
3615,2,2,2,2,2,2
1140,4,4,4,4,4,4
3162,3,3,3,3,3,3
2111,3,3,3,3,3,3
3945,4,4,4,4,4,4
1909,0,0,0,0,0,0
6593,6,6,6,6,6,6
5886,5,5,5,5,5,5
656,3,3,3,3,3,3
4640,0,0,6,0,0,0
4874,6,6,6,6,6,6
4416,2,2,2,2,2,2
998,0,0,0,0,0,0
5547,0,0,0,0,0,0
2834,4,4,4,4,4,4
2809,5,5,5,5,5,5
1784,6,6,6,6,6,6
1237,2,2,2,2,2,2
5746,4,4,4,4,4,4
6146,3,3,3,3,3,3
4020,6,6,6,6,6,6
6353,5,5,5,5,5,5
6517,4,4,4,4,4,4
6812,4,4,4,4,4,4
2186,4,4,6,4,4,4
2913,4,4,4,4,4,4
1134,5,5,5,5,5,5
908,6,6,6,6,6,6
5170,6,6,6,6,6,6
1303,1,1,1,1,1,1
6436,1,1,1,1,1,1
1627,3,3,3,3,3,3
5313,2,2,4,2,2,2
1522,4,4,4,4,4,4
835,3,3,3,3,3,3
358,6,6,2,6,6,6
138,2,2,2,2,2,2
299,4,4,4,4,4,4
1556,1,1,1,1,1,1
1003,0,0,0,0,0,0
382,3,3,3,3,3,3
4758,3,3,3,3,3,3
5711,1,1,1,1,1,1
761,6,6,6,6,6,6
5491,5,5,5,5,5,5
5007,3,3,3,3,3,3
4704,6,6,6,6,6,6
4958,3,3,3,3,3,3
4897,0,0,0,0,0,0
5579,2,2,2,2,2,2
4742,0,0,0,0,0,0
1402,5,5,5,5,5,5
3892,2,2,2,2,2,2
5924,2,2,2,2,2,2
2721,0,0,6,0,0,0
1932,0,0,0,0,0,0
6145,5,5,5,5,5,5
6202,3,3,3,3,3,3
6236,4,4,4,4,4,4
3885,4,4,4,4,4,4
6703,4,4,4,4,4,4
3055,1,1,1,1,1,1
5894,6,6,6,6,6,6
3794,3,3,3,3,3,3
4587,4,4,4,4,4,4
2685,6,6,6,6,6,6
3699,0,0,0,0,0,0
58,6,6,6,6,6,6
76,3,3,3,3,3,3
796,5,5,5,5,5,5
2416,6,6,6,6,6,6
5129,4,4,4,4,4,4
5044,5,5,5,5,5,5
785,4,4,4,4,4,4
3886,5,5,5,5,5,5
6718,1,1,1,1,1,1
3158,5,5,5,5,5,5
3106,5,5,5,5,5,5
3997,3,3,3,3,3,3
2217,2,2,2,2,2,2
6321,6,6,6,6,6,6
3540,1,1,1,1,1,1
4979,6,6,6,6,6,6
3688,6,6,6,6,6,6
4267,5,5,5,5,5,5
5324,5,5,5,5,5,5
910,2,2,2,2,2,2
2172,3,3,3,3,3,3
1850,1,1,1,1,1,1
2309,1,1,1,1,1,1
6456,5,5,5,5,5,5
1257,4,4,4,4,4,4
2495,5,5,5,5,5,5
5202,5,5,5,5,5,5
4418,2,2,2,2,2,2
3501,4,4,4,4,4,4
1178,5,5,5,5,5,5
5194,2,2,2,2,2,2
6263,1,1,1,1,1,1
442,0,0,0,0,0,0
5288,5,5,5,5,5,5
1399,2,2,2,2,2,2
2973,6,6,6,6,6,6
4019,0,0,0,0,0,0
5514,0,0,0,0,0,0
6501,0,0,0,0,0,0
6573,1,1,1,1,1,1
3459,4,4,4,4,4,4
1054,2,2,2,2,2,2
5624,2,2,2,2,2,2
4063,5,5,5,5,5,5
3275,6,6,6,6,6,6
5289,4,4,4,4,4,4
4074,0,0,4,0,4,0
1415,2,2,2,2,2,2
2372,1,1,1,1,1,1
6767,0,0,0,0,0,0
3985,0,0,0,0,0,0
3871,2,2,2,2,2,2
3745,1,1,1,1,1,1
6776,2,2,2,2,2,2
4838,3,3,3,3,3,3
6325,4,4,4,4,4,4
1502,0,0,0,0,0,0
5556,4,4,4,4,4,4
1450,5,5,5,5,5,5
5326,4,4,4,4,4,4
2011,0,0,0,0,0,0
5229,0,0,0,0,0,0
3515,0,0,0,0,0,0
4684,3,3,3,3,3,3
5833,0,0,0,0,0,0
6620,1,1,1,1,1,1
3833,4,4,4,4,4,4
3264,6,6,6,6,6,6
5564,6,6,6,6,6,6
5213,5,5,5,5,5,5
4340,1,1,1,1,1,1
4575,5,5,5,5,5,5
6,6,6,6,6,6,6
2980,4,4,4,4,4,4
2487,2,2,2,2,2,2
3361,4,4,4,4,4,4
678,4,4,4,4,4,4
1943,6,6,6,6,6,6
4503,1,1,1,1,1,1
6348,2,2,2,2,2,2
5834,5,5,5,5,5,5
5296,5,5,5,5,5,5
4526,4,4,4,4,4,4
2607,1,1,1,1,1,1
6285,1,1,1,1,1,1
4409,6,6,6,6,6,6
6344,2,2,2,2,2,2
4556,4,4,4,4,4,4
1064,0,0,0,0,0,0
2894,6,6,6,6,6,6
4374,5,5,5,5,5,5
4512,0,0,0,0,0,0
2242,4,4,4,4,4,4
1474,6,6,6,6,6,6
5113,2,2,2,2,2,2
1889,2,2,2,2,2,2
3435,5,5,5,5,5,5
4274,0,0,0,0,0,0
1053,3,3,3,3,3,3
2021,1,1,1,1,1,1
5430,4,4,4,4,4,4
4914,3,3,3,3,3,3
6376,6,6,6,6,6,6
2658,4,4,4,4,4,4
2467,3,3,3,3,3,3
4414,4,4,4,4,4,4
1130,0,0,0,0,0,0
1461,3,3,3,3,3,3
4144,6,6,6,6,6,6
6244,1,1,1,1,1,1
3365,1,1,1,1,1,1
6855,3,3,3,3,3,3
4213,3,3,3,3,3,3
3350,3,3,3,3,3,3
2968,5,5,5,5,5,5
222,2,2,2,2,2,2
6391,4,4,0,4,4,4
48,3,3,3,3,3,3
573,0,0,0,0,0,0
1236,0,0,0,0,0,0
6657,5,5,5,5,5,5
3033,1,1,1,1,1,1
6687,1,1,1,1,1,1
3382,4,4,4,4,4,4
6196,0,0,0,0,0,0
2282,6,6,6,6,6,6
4671,2,2,2,2,2,2
267,1,1,1,1,1,1
1104,4,4,4,4,4,4
2305,5,5,5,5,5,5
5429,5,5,5,5,5,5
5867,3,3,3,3,3,3
1935,2,2,2,2,2,2
386,0,0,0,0,0,0
1701,5,5,5,5,5,5
1628,4,4,4,4,4,4
3585,3,3,3,3,3,3
5374,2,2,2,2,2,2
2714,2,2,2,2,2,2
4190,2,2,2,2,2,2
4902,2,2,2,2,2,2
6033,1,1,1,1,1,1
1563,4,4,4,4,4,4
3622,2,2,2,2,2,2
6465,5,5,5,5,5,5
2760,4,4,4,4,4,4
3189,0,0,0,0,0,0
5606,3,3,3,3,3,3
209,3,3,3,3,3,3
909,6,6,6,6,6,6
1289,4,4,4,4,4,4
5210,1,1,1,1,1,1
1866,4,4,6,4,4,4
1842,0,0,0,0,0,0
2497,2,2,2,2,2,2
6136,2,2,2,2,2,2
104,4,4,4,4,4,4
958,1,1,1,1,1,1
1793,3,3,3,3,3,3
2088,5,5,5,5,5,5
2702,1,1,1,1,1,1
6816,2,2,2,2,2,2
331,2,2,2,2,2,2
4257,3,3,3,3,3,3
5001,4,4,4,4,4,4
4912,6,6,6,6,6,6
2459,6,6,6,6,6,6
1774,1,1,1,1,1,1
4848,5,5,5,5,5,5
4275,5,5,5,5,5,5
6581,5,5,5,5,5,5
2686,0,0,0,0,0,0
5602,2,2,6,2,2,2
3849,0,0,0,0,0,0
6023,1,1,1,1,1,1
2897,1,1,1,1,1,1
3773,1,1,1,1,1,1
1710,1,1,1,1,1,1
5270,4,4,4,4,4,4
2478,3,3,3,3,3,3
6625,1,1,1,1,1,1
1366,1,1,1,1,1,1
173,1,1,1,1,1,1
858,4,4,4,4,4,4
5111,5,5,5,5,5,5
5080,3,3,3,3,3,3
3524,3,3,3,3,3,3
3321,1,1,1,1,1,1
6791,5,5,5,5,5,5
6014,6,6,6,6,6,6
5553,1,1,1,1,1,1
3841,5,5,5,5,5,5
1952,5,5,5,5,5,5
3311,6,6,6,6,6,6
2492,4,4,4,4,4,4
5102,4,4,4,4,4,4
4479,1,1,1,1,1,1
2036,2,2,2,2,2,2
5409,1,1,1,1,1,1
6168,5,5,5,5,5,5
5059,1,1,1,1,1,1
3403,4,4,4,4,4,4
18,0,0,0,0,0,0
3691,3,3,3,3,3,3
5205,2,2,2,2,2,2
0,1,1,1,1,1,1
3628,5,5,5,5,5,5
6788,1,1,1,1,1,1
2174,4,4,4,4,4,4
1356,2,2,2,2,2,2
6123,6,6,6,6,6,6
6339,0,0,6,0,0,0
4161,1,1,1,1,1,1
2826,5,5,5,5,5,5
4149,6,6,6,6,6,6
396,2,2,2,2,2,2
5186,3,3,3,3,3,3
3112,1,1,1,1,1,1
182,2,2,2,2,2,2
5389,6,6,6,6,6,6
5458,2,2,2,2,2,2
1812,0,0,0,0,0,0
4441,6,6,6,6,6,6
5639,5,5,5,5,5,5
5006,6,6,6,6,6,6
816,4,4,4,4,4,4
1572,0,0,0,0,0,0
4778,3,3,3,3,3,3
1800,6,6,6,6,6,6
2280,5,5,5,5,5,5
2429,2,2,2,2,2,2
5460,4,4,4,4,4,4
6074,4,4,4,4,4,4
5355,6,6,6,6,6,6
4553,4,4,4,4,4,4
5954,2,2,2,2,2,2
5908,5,5,5,5,5,5
1830,2,2,2,2,2,2
601,1,1,1,1,1,1
5720,1,1,1,1,1,1
4827,5,5,5,5,5,5
4949,0,0,0,0,0,0
554,4,4,4,4,4,4
1159,1,1,1,1,1,1
1213,3,3,3,3,3,3
880,6,6,6,6,6,6
1325,2,2,2,2,2,2
5421,0,0,0,0,0,0
997,6,6,6,6,6,6
700,2,2,2,2,2,2
2700,3,3,3,3,3,3
4943,3,3,3,3,3,3
1847,3,3,3,3,3,3
5065,6,6,6,6,6,6
2796,0,0,0,0,0,0
1455,0,0,4,0,0,0
5775,5,5,5,5,5,5
4857,2,2,2,2,2,2
3838,4,4,4,4,4,4
866,0,0,0,0,0,0
5275,1,1,1,1,1,1
1644,3,3,3,3,3,3
2140,3,3,3,3,3,3
4664,0,0,0,0,0,0
3520,3,3,3,3,3,3
4328,3,3,3,3,3,3
5571,4,4,4,4,4,4
1490,2,2,2,2,2,2
4411,4,4,4,4,4,4
4112,3,3,3,3,3,3
729,0,0,0,0,0,0
4919,4,4,6,4,4,4
779,2,2,2,2,2,2
2620,3,3,3,3,3,3
1936,2,2,2,2,2,2
3793,0,0,0,0,0,0
6433,0,0,0,0,0,0
5948,3,3,3,3,3,3
3333,1,1,1,1,1,1
1110,3,3,3,3,3,3
3655,4,4,4,4,4,4
5605,0,0,0,0,0,0
6165,1,1,1,1,1,1
2998,0,0,0,0,0,0
2394,5,5,5,5,5,5
1185,5,5,5,5,5,5
2007,2,2,2,2,2,2
193,1,1,1,1,1,1
1515,4,4,4,4,4,4
5516,2,2,2,2,2,2
578,3,3,3,3,3,3
2123,0,0,0,0,0,0
1429,4,4,4,4,4,4
771,4,4,4,4,4,4
2587,5,5,5,5,5,5
2395,6,6,6,6,6,6
6835,2,2,2,2,2,2
1846,6,6,6,6,6,6
131,4,4,4,4,4,4
178,0,0,0,0,0,0
3740,1,1,1,1,1,1
6160,3,3,3,3,3,3
1811,4,4,4,4,4,4
5825,0,0,0,0,0,0
2580,4,4,4,4,4,4
4450,2,2,2,2,2,2
6061,6,6,6,6,6,6
2652,6,6,6,6,6,6
4500,6,6,6,6,6,6
2073,5,5,5,5,5,5
658,2,2,2,2,2,2
1896,3,3,3,3,3,3
5070,2,2,2,2,2,2
2606,0,0,0,0,0,0
2221,6,6,6,6,6,6
3659,0,0,0,0,0,0
6525,1,1,1,1,1,1
2379,5,5,5,5,5,5
1447,0,0,6,0,0,0
5653,4,4,4,4,4,4
342,6,6,6,6,6,6
3372,1,1,1,1,1,1
4439,6,6,6,6,6,6
6079,5,5,5,5,5,5
2527,5,5,5,5,5,5
727,4,4,4,4,4,4
5433,3,3,3,3,3,3
976,6,6,6,6,6,6
5719,2,2,2,2,2,2
4970,5,5,5,5,5,5
1928,1,1,1,1,1,1
3516,5,5,5,5,5,5
6634,0,0,0,0,0,0
4554,4,4,4,4,4,4
6719,6,6,6,6,6,6
3755,4,4,4,4,4,4
6623,4,4,4,4,4,4
1299,3,3,3,3,3,3
4803,2,2,2,2,2,2
6334,5,5,5,5,5,5
660,4,4,4,4,4,4
1790,4,4,4,4,4,4
1492,3,3,3,3,3,3
4634,1,1,1,1,1,1
493,1,1,1,1,1,1
3647,5,5,5,5,5,5
5041,3,3,3,3,3,3
4932,3,3,3,3,3,3
2315,3,3,3,3,3,3
6405,3,3,3,3,3,3
6350,2,2,2,2,2,2
5846,4,4,4,4,4,4
1085,5,5,5,5,5,5
6506,1,1,1,1,1,1
6332,0,0,0,0,0,0
694,1,1,1,1,1,1
1278,6,6,6,6,6,6
3198,5,5,5,5,5,5
5284,2,2,2,2,2,2
1621,0,0,0,0,0,0
6472,0,0,0,0,0,0
3708,0,0,0,0,0,0
2561,1,1,1,1,1,1
5930,4,4,0,4,4,4
5758,3,3,3,3,3,3
67,1,1,1,1,1,1
1731,4,4,4,4,4,4
4031,0,0,0,0,0,0
2269,5,5,5,5,5,5
4856,2,2,2,2,2,2
4727,0,0,0,0,0,0
5436,3,3,3,3,3,3
820,6,6,4,6,6,6
1226,4,4,4,4,4,4
1677,5,5,5,5,5,5
5767,0,0,0,0,0,0
2867,2,2,2,2,2,2
3447,4,4,4,4,4,4
5033,2,2,2,2,2,2
2367,4,4,4,4,4,4
4837,6,6,6,6,6,6
4595,1,1,1,1,1,1
2512,3,3,3,3,3,3
5352,6,6,6,6,6,6
2723,4,4,4,4,4,4
6148,2,2,2,2,2,2
5874,5,5,5,5,5,5
5095,1,1,1,1,1,1
1143,4,4,4,4,4,4
397,1,1,1,1,1,1
6355,5,5,5,5,5,5
4054,3,3,3,3,3,3
786,4,4,4,4,4,4
5914,5,5,5,5,5,5
4609,5,5,5,5,5,5
1398,2,2,2,2,2,2
1659,4,4,4,4,4,4
4254,0,0,0,0,0,0
5009,4,4,4,4,4,4
3134,6,6,6,6,6,6
3789,0,0,0,0,0,0
3398,4,4,4,4,4,4
2220,5,5,5,5,5,5
979,0,0,6,0,0,0
2331,2,2,2,2,2,2
3784,5,5,5,5,5,5
1298,5,5,5,5,5,5
6006,2,2,2,2,2,2
6044,0,0,0,0,0,0
5128,0,0,0,0,0,0
3693,6,6,6,6,6,6
82,6,6,6,6,6,6
1967,6,6,6,6,6,6
4355,3,3,3,3,3,3
5396,1,1,1,1,1,1
4626,0,0,0,0,0,0
5432,1,1,1,1,1,1
4205,1,1,1,1,1,1
2903,4,4,4,4,4,4
423,2,2,2,2,2,2
5974,2,2,2,2,2,2
1904,6,6,6,6,6,6
6255,3,3,3,3,3,3
1530,6,6,6,6,6,6
3917,1,1,1,1,1,1
6717,6,6,6,6,6,6
1565,5,5,5,5,5,5
5623,2,2,2,2,2,2
3618,1,1,1,1,1,1
2749,6,6,6,6,6,6
839,4,4,4,4,4,4
500,5,5,5,5,5,5
6645,5,5,5,5,5,5
141,4,4,4,4,4,4
5700,4,4,4,4,4,4
2605,3,3,3,3,3,3
5681,2,2,2,2,2,2
1377,6,6,6,6,6,6
3674,0,0,0,0,0,0
5361,4,4,4,4,4,4
6764,5,5,5,5,5,5
2266,1,1,1,1,1,1
3322,5,5,5,5,5,5
6605,2,2,2,2,2,2
3808,3,3,3,3,3,3
1138,1,1,1,1,1,1
2257,3,3,3,3,3,3
6020,1,1,1,1,1,1
844,4,4,4,4,4,4
1787,6,6,6,6,6,6
3938,5,5,5,5,5,5
4458,5,5,5,5,5,5
550,4,4,4,4,4,4
6169,2,2,2,2,2,2
459,3,3,3,3,3,3
2019,2,2,2,2,2,2
4584,4,4,4,4,4,4
6304,2,2,2,2,2,2
948,6,6,6,6,6,6
3700,4,4,4,4,4,4
1336,1,1,1,1,1,1
4128,1,1,1,1,1,1
532,4,4,4,4,4,4
3262,1,1,1,1,1,1
4570,5,5,5,5,5,5
1829,0,0,0,0,0,0
4734,1,1,1,1,1,1
6088,0,0,0,0,0,0
5493,3,3,3,5,3,3
4288,6,6,6,6,6,6
1602,2,2,2,2,2,2
2238,2,2,2,2,2,2
639,6,6,6,6,6,6
6662,2,2,2,4,2,2
3830,2,2,2,2,2,2
967,1,1,1,1,1,1
5827,6,6,6,6,6,6
123,1,1,1,1,1,1
1683,3,3,3,3,3,3
2248,1,1,1,1,1,1
4753,0,0,0,0,0,0
6850,0,0,0,0,0,0
1070,3,3,3,3,3,3
155,4,4,4,4,4,4
2295,4,4,4,4,4,4
4381,6,6,6,6,6,6
4678,2,2,2,2,2,2
1089,3,3,3,3,3,3
4520,1,1,1,1,1,1
2319,2,2,2,2,2,2
2940,6,6,6,6,6,6
5832,0,0,0,0,0,0
288,0,0,0,2,0,0
930,4,4,4,4,4,4
6440,1,1,1,1,1,1
4730,1,1,1,1,1,1
2909,5,5,5,5,5,5
4424,3,3,3,3,3,3
5356,2,2,2,2,2,2
2884,3,3,3,3,3,3
5198,0,0,0,0,0,0
3733,2,2,2,2,2,2
6327,3,3,3,3,3,3
3247,3,3,3,3,3,3
6262,6,6,6,6,6,6
3000,3,3,3,3,3,3
5114,5,5,5,5,5,5
1337,5,5,5,5,5,5
6803,2,2,2,2,2,2
942,5,5,5,5,5,5
2354,0,0,0,0,0,0
5482,1,1,1,1,1,1
5955,1,1,1,1,1,1
6519,4,4,4,4,4,4
1698,4,4,4,4,4,4
6488,4,4,4,4,4,4
4766,5,5,5,5,5,5
6861,0,0,0,0,0,0
4653,3,3,3,3,3,3
3831,0,0,0,0,0,0
4865,0,0,0,0,0,0
6282,0,0,0,6,0,0
985,5,5,5,5,5,5
1821,6,6,6,6,6,6
4121,6,6,6,6,6,6
587,0,0,0,0,0,0
6582,3,3,3,3,3,3
981,4,4,4,4,4,4
4680,1,1,1,1,1,1
3799,1,1,1,1,1,1
4774,5,5,5,5,5,5
6277,0,0,0,0,0,0
6857,1,1,1,1,1,1
6241,1,1,1,1,1,1
6409,1,1,1,1,1,1
1473,4,4,4,4,4,4
5235,4,4,4,4,4,4
5876,4,4,4,4,4,4
4011,5,5,5,5,5,5
5780,0,0,0,0,0,0
2258,2,2,2,2,2,2
5483,3,3,3,3,3,3
1457,0,0,0,0,0,0
3557,1,1,1,1,1,1
1395,5,5,5,5,5,5
264,5,5,5,5,5,5
3548,6,6,6,6,6,6
3547,2,2,2,2,2,2
2748,1,1,1,1,1,1
6173,4,4,4,4,4,4
2692,0,0,0,0,0,0
6607,5,5,5,5,5,5
4945,1,1,1,1,1,1
4436,0,0,0,0,0,0
929,4,4,4,4,4,4
5635,4,4,4,4,4,4
3864,4,4,4,4,4,4
5845,4,4,4,4,4,4
2400,2,2,2,2,2,2
2178,4,4,4,4,4,4
4981,1,1,1,1,1,1
3908,1,1,1,1,1,1
3866,6,6,6,6,6,6
3711,5,5,5,5,5,5
246,0,0,0,0,0,0
1594,5,5,5,5,5,5
1758,1,1,1,1,1,1
6709,3,3,3,3,3,3
4652,3,3,3,3,3,3
923,2,2,2,2,2,2
6369,2,2,2,2,2,2
5093,1,1,1,1,1,1
268,4,4,4,4,4,4
669,5,5,5,5,5,5
3604,2,2,2,2,2,2
4590,1,1,1,1,1,1
1910,2,2,2,2,2,2
5465,6,6,6,6,6,6
3958,1,1,1,1,1,1
2696,6,6,6,0,6,6
2591,1,1,1,1,1,1
1781,2,2,2,2,2,2
3013,2,2,2,2,2,2
2307,4,4,4,4,4,4
4567,4,4,4,4,4,4
3690,2,2,2,2,2,2
687,2,2,2,2,2,2
612,0,0,0,0,0,0
3200,2,2,2,2,2,2
2267,2,2,2,2,2,2
6615,0,0,0,2,0,0
1898,2,2,2,2,2,2
4348,5,5,5,5,5,5
258,1,1,1,1,1,1
2924,4,4,4,4,4,4
2822,2,2,2,2,2,2
3339,6,6,6,6,6,6
3525,4,4,4,4,4,4
2285,2,2,2,2,2,2
484,6,6,6,6,6,6
2211,0,0,0,0,0,0
6442,0,0,0,0,0,0
2555,5,5,5,5,5,5
7,3,3,3,3,3,3
3657,2,2,2,2,2,2
5844,4,4,4,4,4,4
2426,6,6,6,6,6,6
1814,5,5,5,5,5,5
2274,1,1,1,1,1,1
1011,6,6,6,6,6,6
6858,1,1,1,1,1,1
1067,6,6,6,6,6,6
1991,1,1,1,1,1,1
3970,3,3,3,3,3,3
4894,2,2,2,2,2,2
3867,2,2,2,2,2,2
6151,5,5,5,5,5,5
3048,3,3,3,3,3,3
781,5,5,5,5,5,5
6721,5,5,5,5,5,5
1749,2,2,2,2,2,2
2791,1,1,1,1,1,1
1091,4,4,4,4,4,4
4751,3,3,3,3,3,3
5872,4,4,4,4,4,4
6461,0,0,0,0,0,0
2608,3,3,3,3,3,3
5658,2,2,2,2,2,2
2290,4,4,4,4,4,4
1727,5,5,5,5,5,5
610,1,1,1,1,1,1
343,4,4,4,4,4,4
5379,6,6,6,6,6,6
3750,3,3,3,3,3,3
3215,2,2,2,2,2,2
97,1,1,1,1,1,1
4316,0,0,0,0,0,0
1537,3,3,3,3,3,3
3588,3,3,3,3,3,3
3648,1,1,1,1,1,1
5586,4,4,4,4,4,4
1517,1,1,1,1,1,1
6067,0,0,0,0,0,0
3669,0,0,0,0,0,0
2090,3,3,3,3,3,3
572,0,0,0,0,0,0
6268,2,2,2,2,2,2
6684,6,6,6,6,6,6
3062,4,4,4,4,4,4
6050,6,6,6,6,6,6
4989,2,2,2,2,2,2
4457,0,0,0,0,0,0
4605,3,3,3,3,3,3
370,6,6,6,6,6,6
1938,1,1,1,1,1,1
6811,6,6,6,6,6,6
5952,6,6,6,6,6,6
3670,0,0,0,0,0,0
3652,3,3,3,3,3,3
2361,0,0,0,2,0,0
4279,1,1,1,1,1,1
6215,5,5,5,5,5,5
3737,6,6,6,6,6,6
4229,3,3,3,3,3,3
4743,5,5,5,5,5,5
4773,2,2,2,2,2,2
1171,5,5,5,5,5,5
4478,5,5,5,5,5,5
1422,1,1,1,1,1,1
6187,0,0,0,0,0,0
6068,4,4,4,4,4,4
4518,2,2,2,2,2,2
874,5,5,5,5,5,5
2297,0,0,0,0,0,0
2643,1,1,1,1,1,1
5975,0,0,0,0,0,0
840,4,4,4,4,4,4
581,6,6,6,6,6,6
204,5,5,5,5,5,5
1641,0,0,0,0,0,0
2014,2,2,2,2,2,2
3253,3,3,3,3,3,3
4241,1,1,1,1,1,1
905,2,2,2,2,2,2
631,4,4,4,4,4,4
4882,5,5,5,5,5,5
5325,5,5,5,5,5,5
1974,5,5,5,5,5,5
162,1,1,1,1,1,1
4697,2,2,2,2,2,2
6195,0,0,0,0,0,0
4375,2,2,2,2,2,2
875,4,4,4,4,4,4
1431,1,1,1,1,1,1
5808,6,6,6,6,6,6
4372,5,5,5,5,5,5
2856,1,1,1,1,1,1
1861,1,1,1,1,1,1
2659,2,2,2,2,2,2
3384,0,0,0,0,0,0
6796,1,1,1,1,1,1
4552,3,3,3,3,3,3
3331,1,1,1,1,1,1
6132,1,1,1,1,1,1
5183,2,2,2,2,2,2
6818,2,2,2,2,2,2
2096,6,6,6,6,6,6
2003,1,1,1,1,1,1
546,6,6,6,6,6,6
1449,3,3,3,3,3,3
4768,5,5,5,5,5,5
2610,0,0,0,0,0,0
1900,6,6,6,6,6,6
5435,4,4,4,4,4,4
2757,3,3,3,3,3,3
1885,4,4,4,4,4,4
6671,3,3,3,3,3,3
2097,2,2,2,2,2,2
5996,0,0,0,0,0,0
6194,2,2,2,2,2,2
836,5,5,5,5,5,5
3471,6,6,6,6,6,6
5487,3,3,3,3,3,3
2171,1,1,1,1,1,1
5926,3,3,3,3,3,3
5871,4,4,4,4,4,4
398,6,6,6,6,6,6
2010,0,0,0,0,0,0
6735,4,4,4,4,4,4
1283,6,6,6,6,6,6
5037,2,2,2,2,2,2
1836,6,6,6,6,6,6
1019,4,4,4,4,4,4
1326,3,3,3,3,3,3
4256,0,0,0,0,0,0
475,1,1,1,1,1,1
2810,5,5,5,5,5,5
5174,0,0,0,0,0,0
1651,6,6,6,6,6,6
6401,4,4,4,0,4,4
5893,4,4,4,4,4,4
2528,4,4,4,4,4,4
1206,6,6,6,6,6,6
5302,6,6,6,6,6,6
4333,2,2,2,2,2,2
867,5,5,5,5,5,5
2974,6,6,6,6,6,6
541,4,4,4,4,4,4
1132,2,2,2,2,2,2
6688,6,6,6,6,6,6
3390,4,4,4,4,4,4
4954,4,4,4,4,4,4
2962,3,3,3,3,3,3
4155,3,3,3,3,3,3
3259,0,0,0,0,0,0
6115,4,4,4,4,4,4
6815,4,4,4,4,4,4
2583,1,1,1,1,1,1
2813,3,3,3,3,3,3
6140,6,6,6,6,6,6
5976,2,2,2,2,2,2
3586,4,4,4,0,4,4
5440,0,0,0,0,0,0
5868,5,5,5,5,5,5
2630,0,0,0,0,0,0
5525,5,5,5,5,5,5
4382,0,0,0,0,0,0
1080,5,5,5,5,5,5
4283,4,4,4,4,4,4
2085,0,0,0,0,0,0
2452,2,2,2,2,2,2
2023,3,3,3,3,3,3
5295,5,5,5,5,5,5
226,0,0,0,0,0,0
1013,6,6,6,6,6,6
1929,0,0,0,0,0,0
5441,4,4,4,4,4,4
1404,4,4,4,0,4,4
2179,6,6,6,6,6,6
697,1,1,1,1,1,1
1124,3,3,3,3,3,3
3895,5,5,5,5,5,5
1778,4,4,4,4,4,4
4387,1,1,1,1,1,1
2634,0,0,0,0,0,0
3489,1,1,1,1,1,1
1037,1,1,1,1,1,1
2256,4,4,4,4,4,4
4606,4,4,4,4,4,4
6822,3,3,3,3,3,3
313,0,0,0,0,0,0
2649,5,5,5,5,5,5
2281,1,1,1,1,1,1
4936,2,2,2,2,2,2
2547,0,0,0,0,0,0
2159,5,5,5,5,5,5
3137,1,1,1,1,1,1
6894,0,0,0,0,0,0
3967,1,1,1,1,1,1
1428,0,0,0,0,0,0
4885,3,3,3,3,3,3
2520,5,5,5,5,5,5
4421,1,1,1,1,1,1
5091,5,5,5,5,5,5
448,4,4,4,4,4,4
4336,3,3,3,3,3,3
1284,2,2,2,2,2,2
3727,0,0,0,0,0,0
361,4,4,4,4,4,4
5558,3,3,3,3,3,3
5498,3,3,3,3,3,3
2460,4,4,4,4,4,4
22,4,4,4,4,4,4
2066,5,5,5,5,5,5
1653,1,1,1,1,1,1
702,1,1,1,1,1,1
4988,4,4,4,4,4,4
2743,0,0,0,0,0,0
1376,2,2,2,2,2,2
5608,1,1,1,1,1,1
2468,0,0,0,0,0,0
3754,4,4,4,4,4,4
2325,1,1,1,1,1,1
460,0,0,0,0,0,0
4183,3,3,3,3,3,3
4082,1,1,1,1,1,1
1486,5,5,5,5,5,5
3678,5,5,5,5,5,5
282,5,5,5,5,5,5
4308,3,3,3,3,3,3
3537,3,3,3,3,3,3
6104,1,1,1,1,1,1
2581,2,2,2,2,2,2
1368,1,1,1,1,1,1
6218,0,0,0,0,0,0
4620,3,3,3,3,3,3
597,0,0,0,0,0,0
4351,2,2,2,2,2,2
5604,5,5,5,5,5,5
6851,2,2,2,2,2,2
6497,4,4,4,4,4,4
4527,4,4,4,4,4,4
3468,6,6,6,6,6,6
4394,3,3,3,3,3,3
2990,6,6,6,6,6,6
6134,1,1,1,1,1,1
2544,3,3,3,3,3,3
5119,5,5,5,5,5,5
5046,1,1,1,1,1,1
4066,6,6,6,6,6,6
3988,5,5,5,5,5,5
6667,0,0,0,0,0,0
685,5,5,5,5,5,5
4385,6,6,6,6,6,6
3243,2,2,2,2,2,2
6072,3,3,3,3,3,3
4083,3,3,3,3,3,3
2837,6,6,6,6,6,6
3697,2,2,2,2,2,2
4040,3,3,3,3,3,3
2230,6,6,6,6,6,6
5655,3,3,3,3,3,3
2320,1,1,1,1,1,1
521,5,5,5,5,5,5
522,3,3,3,3,3,3
5385,3,3,3,3,3,3
5552,1,1,1,1,1,1
5549,5,5,5,5,5,5
5200,4,4,4,4,4,4
780,4,4,4,4,4,4
5395,6,6,6,6,6,6
4663,2,2,2,2,2,2
651,6,6,6,6,6,6
5138,3,3,3,3,3,3
2196,5,5,5,5,5,5
369,3,3,3,3,3,3
4511,2,2,2,2,2,2
4214,6,6,6,6,6,6
377,6,6,6,6,6,6
4836,2,2,2,2,2,2
2216,1,1,1,1,1,1
5246,5,5,5,5,5,5
1613,5,5,5,5,5,5
6188,2,2,2,2,2,2
3632,4,4,4,4,4,4
962,4,4,4,4,4,4
6207,3,3,3,3,3,3
6469,4,4,4,4,4,4
5252,2,2,2,2,2,2
359,6,6,6,6,6,6
3839,3,3,3,3,3,3
4604,5,5,5,5,5,5
1246,4,4,4,4,4,4
4800,6,6,6,6,6,6
3694,5,5,5,5,5,5
5824,3,3,3,3,3,3
2567,2,2,2,2,2,2
3423,0,0,0,0,0,0
2037,3,3,3,5,3,3
772,1,1,1,1,1,1
6338,5,5,5,5,5,5
3562,4,4,4,4,4,4
6526,1,1,1,1,1,1
6302,2,2,2,2,2,2
1674,4,4,4,4,4,4
365,6,6,6,6,6,6
4517,2,2,2,2,2,2
6345,5,5,5,5,5,5
4327,2,2,2,2,2,2
147,3,3,3,3,3,3
6058,1,1,1,1,1,1
3088,1,1,1,1,1,1
6477,5,5,5,5,5,5
407,5,5,5,5,5,5
6367,6,6,6,6,6,6
3456,4,4,4,4,4,4
4182,4,4,4,4,4,4
3576,2,2,2,2,2,2
3271,2,2,2,2,2,2
1031,2,2,2,2,2,2
4505,1,1,1,1,1,1
855,0,0,0,0,0,0
3926,3,3,3,3,3,3
78,6,6,6,6,6,6
2247,4,4,4,4,4,4
5100,0,0,0,0,0,0
6296,2,2,2,2,2,2
6341,5,5,5,5,5,5
4928,5,5,5,5,5,5
788,1,1,1,1,1,1
2279,1,1,1,1,1,1
4095,5,5,5,5,5,5
3897,4,4,4,4,4,4
4487,1,1,1,1,1,1
6603,3,3,3,3,3,3
3631,4,4,4,4,4,4
5160,2,2,2,2,2,2
424,1,1,1,1,1,1
392,0,0,0,0,0,0
5144,5,5,5,5,5,5
6509,6,6,6,6,6,6
4200,0,0,0,0,0,0
2672,2,2,2,2,2,2
6307,6,6,6,6,6,6
4651,4,4,4,4,4,4
3493,2,2,2,2,2,2
1459,0,0,0,0,0,0
6559,1,1,1,1,1,1
4563,5,5,5,5,5,5
3835,4,4,4,4,4,4
5337,5,5,5,5,5,5
6566,1,1,1,1,1,1
5351,3,3,3,3,3,3
2355,0,0,0,0,0,0
2442,6,6,6,6,6,6
5363,3,3,3,3,3,3
464,5,5,5,5,5,5
163,6,6,6,6,6,6
5968,1,1,1,1,1,1
6175,3,3,3,3,3,3
6612,6,6,6,6,6,6
6842,4,4,4,4,4,4
2009,2,2,2,2,2,2
3084,3,3,3,3,3,3
900,3,3,3,3,3,3
5398,1,1,1,1,1,1
2293,3,3,3,3,3,3
4481,3,3,3,3,3,3
3716,3,3,3,3,3,3
5724,6,6,6,6,6,6
1764,2,2,2,2,2,2
1549,2,2,2,2,2,2
3029,0,0,0,0,0,0
5204,1,1,1,1,1,1
2044,4,4,4,4,4,4
767,0,0,0,0,0,0
1508,0,0,0,0,0,0
6706,4,4,4,4,4,4
4219,2,2,2,2,2,2
5733,2,2,2,2,2,2
4502,5,5,5,5,5,5
3292,5,5,5,5,5,5
819,6,6,6,6,6,6
1403,3,3,3,3,3,3
1382,2,2,2,2,2,2
2148,0,0,0,0,0,0
1638,5,5,5,5,5,5
6635,2,2,2,2,2,2
399,6,6,6,6,6,6
882,2,2,2,2,2,2
3565,6,6,6,6,6,6
6161,5,5,5,5,5,5
1179,3,3,3,3,3,3
4244,6,6,6,6,6,6
4696,4,4,4,4,4,4
2130,1,1,1,1,1,1
456,4,4,4,4,4,4
1950,3,3,3,3,3,3
689,3,3,3,3,3,3
5452,2,2,2,2,2,2
1953,2,2,2,2,2,2
2710,3,3,3,3,3,3
5112,2,2,2,4,2,2
4349,6,6,6,6,6,6
5984,6,6,6,6,6,6
1884,2,2,2,2,2,2
5189,2,2,2,2,2,2
6093,0,0,0,0,0,0
2494,0,0,0,0,0,0
3036,0,0,0,0,0,0
3603,3,3,3,3,3,3
845,2,2,2,2,2,2
542,1,1,1,1,1,1
3724,1,1,1,1,1,1
4187,1,1,1,1,1,1
3679,4,4,4,0,4,4
5509,4,4,4,4,4,4
5646,3,3,3,3,3,3
4726,4,4,4,4,4,4
2964,1,1,1,1,1,1
2529,0,0,0,0,0,0
1048,0,0,0,0,0,0
1960,3,3,3,3,3,3
2530,1,1,1,1,1,1
5071,3,3,3,3,3,3
237,6,6,6,6,6,6
1133,2,2,2,2,2,2
5709,3,3,3,3,3,3
4259,4,4,4,4,4,4
5163,6,6,6,6,6,6
6398,4,4,4,4,4,4
5316,6,6,6,6,6,6
2978,3,3,3,3,3,3
5462,2,2,2,2,2,2
5629,1,1,1,1,1,1
4647,1,1,1,1,1,1
3919,6,6,6,6,6,6
3138,3,3,3,3,3,3
6152,1,1,1,1,1,1
4073,0,0,0,2,0,0
5925,0,0,0,0,0,0
3229,1,1,1,1,1,1
1826,3,3,3,3,3,3
593,6,6,6,6,6,6
2725,3,3,3,3,3,3
4137,6,6,6,6,6,6
560,3,3,3,3,3,3
5404,5,5,5,5,5,5
243,0,0,0,0,0,0
4437,3,3,3,3,3,3
5169,0,0,0,0,0,0
405,6,6,6,6,6,6
1442,5,5,5,5,5,5
261,5,5,5,5,5,5
6062,6,6,6,6,6,6
6289,0,0,0,6,0,0
1689,6,6,6,6,6,6
1725,5,5,5,5,5,5
2496,1,1,1,1,1,1
5830,1,1,1,1,1,1
340,3,3,3,3,3,3
5527,4,4,4,6,4,4
1601,5,5,5,5,5,5
4576,3,3,3,3,3,3
3725,2,2,2,2,2,2
6834,4,4,4,6,4,4
2785,4,4,4,4,4,4
1523,5,5,5,5,5,5
6745,4,4,4,4,4,4
6120,5,5,5,5,5,5
6389,2,2,2,2,2,2
1766,0,0,0,0,0,0
6808,4,4,4,4,4,4
4037,4,4,4,4,4,4
5453,0,0,0,0,0,0
5590,4,4,4,4,4,4
6447,2,2,2,2,2,2
363,2,2,2,4,2,2
6826,1,1,1,1,1,1
6204,5,5,5,5,5,5
4443,6,6,6,6,6,6
5499,4,4,4,0,4,4
6368,1,1,1,1,1,1
2562,2,2,2,2,2,2
4812,3,3,3,3,3,3
6322,5,5,5,5,5,5
3083,4,4,4,4,4,4
6352,5,5,5,5,5,5
2102,1,1,1,1,1,1
632,2,2,2,2,2,2
2493,3,3,3,3,3,3
2665,5,5,5,5,5,5
4995,5,5,5,5,5,5
4406,5,5,5,5,5,5
5062,0,0,0,6,0,0
6800,3,3,3,3,3,3
2334,5,5,5,5,5,5
5285,0,0,0,0,0,0
3619,1,1,1,1,1,1
3883,6,6,6,0,6,6
4674,3,3,3,3,3,3
4211,1,1,1,1,1,1
1494,4,4,4,4,4,4
2401,0,0,0,0,0,0
3874,1,1,1,1,1,1
1232,6,6,6,6,6,6
2661,2,2,2,2,2,2
2817,2,2,2,2,2,2
6299,5,5,5,5,5,5
5478,2,2,2,2,2,2
4153,1,1,1,1,1,1
5555,6,6,6,6,6,6
3061,0,0,0,0,0,0
5896,2,2,2,2,2,2
6827,2,2,2,2,2,2
1735,0,0,0,0,0,0
2823,3,3,3,3,3,3
6783,0,0,0,0,0,0
4722,6,6,6,6,6,6
2475,0,0,0,0,0,0
2564,2,2,2,2,2,2
5809,6,6,6,6,6,6
5333,1,1,1,1,1,1
707,0,0,0,0,0,0
3046,0,0,0,0,0,0
5887,1,1,1,1,1,1
6626,0,0,0,0,0,0
72,1,1,1,1,1,1
4448,1,1,1,1,1,1
6450,3,3,3,3,3,3
1190,4,4,4,4,4,4
2601,1,1,1,4,1,1
1125,0,0,0,0,0,0
1241,6,6,6,6,6,6
6178,4,4,4,4,4,4
5695,0,0,0,0,0,0
3351,2,2,2,2,2,2
4008,4,4,4,4,4,4
1577,3,3,3,3,3,3
3906,0,0,0,0,0,0
3729,6,6,6,6,6,6
4358,0,0,0,4,0,0
1343,2,2,2,2,2,2
6882,4,4,4,4,4,4
440,6,6,6,6,6,6
1100,4,4,4,4,4,4
2637,1,1,1,1,1,1
4855,6,6,6,6,6,6
649,6,6,6,6,6,6
1546,4,4,4,4,4,4
5243,5,5,5,5,5,5
5263,6,6,6,6,6,6
2852,0,0,0,0,0,0
3503,0,0,0,0,0,0
4965,2,2,2,2,2,2
630,4,4,4,4,4,4
1249,4,4,4,4,4,4
4710,3,3,3,3,3,3
482,0,0,0,0,0,0
1584,1,1,1,1,1,1
4676,2,2,2,2,2,2
1462,1,1,1,1,1,1
3040,1,1,1,1,1,1
5304,4,4,4,4,4,4
3273,0,0,0,0,0,0
3683,0,0,0,6,0,0
4145,1,1,1,1,1,1
6220,5,5,5,5,5,5
3225,6,6,6,6,6,6
1072,2,2,2,2,2,2
2631,6,6,6,6,6,6
1660,4,4,4,4,4,4
2425,5,5,5,5,5,5
5815,1,1,1,1,1,1
5238,2,2,2,2,2,2
3097,4,4,4,4,4,4
3976,5,5,5,5,5,5
6203,4,4,4,4,4,4
6547,1,1,1,1,1,1
4898,6,6,6,6,6,6
5469,6,6,6,6,6,6
1408,0,0,0,0,0,0
1845,6,6,6,6,6,6
1798,2,2,2,2,2,2
3957,6,6,6,6,6,6
1475,5,5,5,5,5,5
35,1,1,1,1,1,1
444,4,4,4,6,4,4
2359,3,3,3,3,3,3
3654,1,1,1,1,1,1
3179,2,2,2,2,2,2
1286,0,0,0,0,0,0
5108,4,4,4,4,4,4
4445,1,1,1,1,1,1
3416,5,5,5,5,5,5
2137,5,5,5,5,5,5
2636,4,4,4,4,4,4
4016,0,0,0,0,0,0
6666,3,3,3,3,3,3
1681,6,6,6,6,6,6
5017,2,2,2,2,2,2
1692,6,6,6,6,6,6
5366,3,3,3,3,3,3
5495,4,4,4,4,4,4
3635,4,4,4,4,4,4
372,4,4,4,4,4,4
5634,5,5,5,5,5,5
6533,2,2,2,2,2,2
140,3,3,3,3,3,3
4419,0,0,0,0,0,0
6424,1,1,1,1,1,1
5673,2,2,2,2,2,2
714,5,5,5,5,5,5
3188,3,3,3,3,3,3
6089,3,3,3,3,3,3
4431,4,4,4,4,4,4
5369,5,5,5,5,5,5
406,0,0,0,0,0,0
20,4,4,4,4,4,4
1004,4,4,4,4,4,4
2411,1,1,1,1,1,1
2545,1,1,1,1,1,1
2390,5,5,5,5,5,5
5543,2,2,2,2,2,2
42,2,2,2,2,2,2
2830,5,5,5,5,5,5
3371,2,2,2,2,2,2
3022,4,4,4,0,4,4
3364,3,3,3,3,3,3
4399,6,6,6,0,6,6
11,6,6,6,6,6,6
1177,1,1,1,1,1,1
1947,0,0,0,6,0,0
2501,3,3,3,3,3,3
2863,0,0,0,0,0,0
3865,6,6,6,6,6,6
1026,0,0,0,0,0,0
3848,5,5,5,5,5,5
2989,2,2,2,2,2,2
961,1,1,1,1,1,1
2889,0,0,0,0,0,0
3015,6,6,6,6,6,6
3338,4,4,4,4,4,4
4868,5,5,5,5,5,5
735,0,0,0,0,0,0
4400,5,5,5,5,5,5
1440,1,1,1,1,1,1
2875,1,1,1,1,1,1
3986,1,1,1,1,1,1
916,3,3,3,3,3,3
6658,3,3,3,3,3,3
4089,6,6,6,6,6,6
6370,4,4,4,4,4,4
6899,3,3,3,3,3,3
2772,4,4,4,4,4,4
1624,5,5,5,5,5,5
5471,0,0,0,0,0,0
821,1,1,1,1,1,1
1367,4,4,4,4,4,4
3712,0,0,0,0,0,0
6579,3,3,3,3,3,3
850,6,6,6,4,6,6
1000,0,0,0,0,0,0
5964,2,2,2,2,2,2
4114,0,0,0,0,0,0
1637,2,2,2,2,2,2
1667,5,5,5,5,5,5
4589,6,6,6,6,6,6
3173,6,6,6,6,6,6
6787,3,3,3,3,3,3
1347,5,5,5,5,5,5
5391,0,0,0,0,0,0
3230,0,0,0,0,0,0
4847,4,4,4,4,4,4
5300,5,5,5,5,5,5
4783,1,1,1,1,1,1
3232,4,4,4,4,4,4
5647,2,2,2,2,2,2
703,2,2,2,2,2,2
5500,5,5,5,5,5,5
3291,4,4,4,4,4,4
3673,6,6,6,6,6,6
2408,0,0,0,0,0,0
1327,1,1,1,1,1,1
6419,6,6,6,6,6,6
5659,5,5,5,5,5,5
4440,6,6,6,6,6,6
5836,4,4,4,4,4,4
986,2,2,2,2,2,2
5480,6,6,6,6,6,6
6257,0,0,0,0,0,0
5933,6,6,6,6,6,6
5715,0,0,0,0,0,0
4049,5,5,5,5,5,5
3485,0,0,0,0,0,0
2474,2,2,2,2,2,2
3873,0,0,0,0,0,0
1198,0,0,0,0,0,0
4181,5,5,5,5,5,5
1518,0,0,0,0,0,0
5722,5,5,5,5,5,5
1799,1,1,1,1,1,1
1014,5,5,5,5,5,5
128,1,1,1,1,1,1
1364,6,6,6,6,6,6
6225,6,6,6,6,6,6
4470,4,4,4,4,4,4
891,3,3,3,3,3,3
2793,4,4,4,4,4,4
5792,0,0,0,0,0,0
4403,0,0,0,0,0,0
6569,4,4,4,4,4,4
6259,0,0,0,0,0,0
3249,4,4,4,4,4,4
1208,6,6,6,6,6,6
3868,5,5,5,5,5,5
6191,2,2,2,2,2,2
4065,3,3,3,3,3,3
5901,4,4,4,4,4,4
1239,2,2,2,2,2,2
2289,4,4,4,4,4,4
2740,2,2,2,2,2,2
275,0,0,0,0,0,0
4585,5,5,5,5,5,5
1035,6,6,6,6,6,6
1229,4,4,4,4,4,4
1008,0,0,0,0,0,0
3828,2,2,2,2,2,2
2532,3,3,3,3,3,3
4293,4,4,4,2,4,4
1058,6,6,6,6,6,6
6739,2,2,2,6,2,2
281,4,4,4,4,4,4
1043,4,4,4,4,4,4
1316,5,5,5,5,5,5
968,5,5,5,5,5,5
2381,2,2,2,2,2,2
5506,4,4,4,4,4,4
1939,4,4,4,4,4,4
4951,4,4,4,4,4,4
1274,4,4,4,4,4,4
619,6,6,6,6,6,6
5011,3,3,3,3,3,3
1742,1,1,1,1,1,1
1390,2,2,2,2,2,2
5620,1,1,1,1,1,1
1579,6,6,6,6,6,6
1655,4,4,4,4,4,4
3568,5,5,5,5,5,5
2352,6,6,6,6,6,6
2212,0,0,0,0,0,0
6860,4,4,4,4,4,4
3178,4,4,4,4,4,4
3192,3,3,3,3,3,3
1307,5,5,5,5,5,5
575,6,6,6,6,6,6
2360,1,1,1,1,1,1
1280,6,6,6,6,6,6
5614,2,2,2,2,2,2
5712,2,2,2,2,2,2
1993,3,3,3,3,3,3
2639,6,6,6,6,6,6
269,5,5,5,5,5,5
629,0,0,0,0,0,0
5107,3,3,3,3,3,3
3081,1,1,1,1,1,1
3466,2,2,2,2,2,2
6021,1,1,1,1,1,1
4396,3,3,3,3,3,3
4023,6,6,6,6,6,6
6535,1,1,1,1,1,1
2046,0,0,0,0,0,0
4356,4,4,4,4,4,4
5419,0,0,0,0,0,0
2113,4,4,4,4,4,4
27,3,3,3,3,3,3
2040,6,6,6,6,6,6
3928,1,1,1,1,1,1
6234,3,3,3,3,3,3
3216,4,4,4,4,4,4
3814,3,3,3,3,3,3
129,0,0,0,0,0,0
5110,0,0,0,6,0,0
6773,6,6,6,6,6,6
4599,0,0,0,0,0,0
13,4,4,4,4,4,4
5918,5,5,5,5,5,5
4476,1,1,1,1,1,1
1525,5,5,5,5,5,5
2365,6,6,6,6,6,6
4648,3,3,3,3,3,3
3052,0,0,0,0,0,0
4005,5,5,5,5,5,5
2340,0,0,0,0,0,0
374,4,4,4,4,4,4
5521,6,6,6,6,6,6
5929,6,6,6,6,6,6
939,3,3,3,3,3,3
6604,1,1,1,1,1,1
4573,6,6,6,6,6,6
2147,3,3,3,3,3,3
3591,4,4,4,4,4,4
5455,3,3,3,3,3,3
6261,2,2,2,2,2,2
6552,5,5,5,5,5,5
3623,2,2,2,2,2,2
529,2,2,2,2,2,2
3714,6,6,6,6,6,6
4732,4,4,4,4,4,4
1269,1,1,1,1,1,1
4281,2,2,2,2,2,2
1394,3,3,3,3,3,3
4850,4,4,4,4,4,4
4009,3,3,3,3,3,3
4390,6,6,6,6,6,6
1797,2,2,2,2,2,2
2979,2,2,2,2,2,2
1441,2,2,2,2,2,2
5159,5,5,5,5,5,5
6723,2,2,2,2,2,2
3811,4,4,4,4,4,4
1273,3,3,3,3,3,3
4703,3,3,3,3,3,3
1712,3,3,3,3,3,3
955,4,4,4,4,6,4
5105,0,0,0,0,0,0
5515,3,3,3,3,3,3
6098,0,0,0,0,4,0
6333,3,3,3,3,3,3
403,3,3,3,3,3,3
2071,3,3,3,3,3,3
6553,0,0,0,0,0,0
1977,4,4,4,4,4,4
158,2,2,2,2,2,2
3888,2,2,2,2,6,2
902,0,0,0,0,0,0
352,4,4,4,4,4,4
4540,5,5,5,5,5,5
4130,2,2,2,2,2,2
754,0,0,0,0,0,0
2971,1,1,1,1,1,1
6867,3,3,3,3,3,3
2920,5,5,5,5,5,5
311,0,0,0,0,6,0
4644,0,0,0,0,6,0
661,0,0,0,0,0,0
1989,3,3,3,3,3,3
3665,6,6,6,6,6,6
306,3,3,3,3,3,3
2335,6,6,6,6,6,6
4790,1,1,1,1,1,1
2356,2,2,2,2,2,2
3702,5,5,5,5,5,5
3804,6,6,6,6,6,6
1927,0,0,0,0,0,0
6047,1,1,1,1,1,1
3427,3,3,3,3,3,3
749,6,6,6,6,6,6
3638,1,1,1,1,1,1
5020,3,3,3,3,3,3
1266,4,4,4,4,2,4
6153,0,0,0,0,0,0
6096,6,6,6,6,6,6
3595,2,2,2,2,2,2
2134,5,5,5,5,5,5
4109,6,6,6,6,6,6
4969,0,4,4,4,4,0
4904,6,6,6,6,6,6
514,2,2,2,2,2,2
6166,6,6,6,6,6,6
409,5,5,5,5,5,5
5146,4,4,4,4,4,4
6873,2,2,2,2,2,2
6823,0,0,0,0,0,0
5978,4,4,4,4,4,4
207,4,4,4,4,4,4
458,4,4,4,4,4,4
2054,5,5,5,5,5,5
2430,6,6,6,6,6,6
250,1,1,1,1,1,1
5891,1,1,1,1,1,1
1107,2,2,2,2,2,2
5597,4,4,4,4,4,4
1713,1,1,1,1,1,1
3911,5,5,5,5,5,5
715,5,5,5,5,5,5
552,5,5,5,5,5,5
1439,4,4,4,4,4,4
2270,6,6,6,6,6,6
3144,2,2,2,2,2,2
6586,0,0,0,0,6,0
1925,0,0,0,0,0,0
634,2,2,2,2,2,2
316,3,3,3,3,3,3
6476,2,2,2,2,2,2
427,1,1,1,1,1,1
5117,1,1,1,1,1,1
105,5,5,5,5,5,5
3041,0,0,0,0,0,0
4238,4,4,4,4,4,4
2169,6,6,6,6,6,6
1709,5,5,5,5,5,5
89,0,0,0,0,0,0
2241,0,0,0,0,0,0
3174,1,1,1,1,1,1
5149,4,4,4,4,4,4
1949,1,1,1,1,1,1
4044,2,2,2,2,2,2
2848,6,6,6,6,6,6
1,2,2,2,2,2,2
4337,2,2,2,2,2,2
935,3,3,3,3,3,3
6400,2,2,2,2,2,2
2720,0,0,0,0,0,0
591,3,3,3,3,3,3
5176,1,1,1,1,1,1
2936,0,0,0,0,0,0
2448,3,3,3,3,3,3
1576,3,3,3,3,3,3
5760,6,6,6,6,6,6
213,6,6,6,6,6,6
778,6,6,6,6,6,6
3496,2,2,2,2,2,2
5414,2,2,2,2,2,2
2043,1,1,1,1,1,1
6253,6,6,6,6,6,6
1567,4,4,4,4,4,4
165,2,2,2,2,2,2
4702,5,5,5,5,5,5
3566,5,5,5,5,5,5
5281,6,6,6,6,6,6
6558,5,5,5,5,5,5
2013,1,1,1,1,1,1
273,2,2,2,2,2,2
3860,6,6,6,6,6,6
4167,5,5,5,5,5,5
5507,5,5,5,5,5,5
3788,2,2,2,2,6,2
394,5,5,5,5,5,5
583,5,5,5,5,5,5
6879,6,6,6,6,6,6
6394,6,6,6,6,6,6
6597,2,2,2,2,2,2
520,1,1,1,1,1,1
1763,1,1,1,1,1,1
1875,5,5,5,5,5,5
3965,1,1,1,1,1,1
3344,1,1,1,1,1,1
2253,6,6,6,6,6,6
3224,3,3,3,3,3,3
526,1,1,1,1,1,1
2946,5,5,5,5,5,5
4473,2,2,2,2,2,2
3899,6,6,6,6,6,6
692,1,1,1,1,1,1
6518,5,5,5,5,5,5
4444,6,6,6,6,6,6
3633,0,0,0,0,0,0
1050,4,4,4,4,0,4
590,6,6,6,6,6,6
519,6,6,6,6,6,6
3380,0,0,0,0,0,0
3676,0,0,0,0,0,0
5688,4,4,4,4,4,4
1607,6,6,6,6,6,6
3610,6,6,6,6,6,6
6583,6,6,6,6,6,6
1809,4,4,4,4,4,4
791,4,4,4,4,4,4
792,1,1,1,1,1,1
5677,0,0,0,0,0,0
1855,0,0,0,0,0,0
1980,4,4,4,4,4,4
3233,2,2,2,2,2,2
3598,0,0,0,0,0,0
933,2,2,2,2,2,2
3963,2,2,2,2,2,2
5133,4,4,4,4,4,4
6404,3,3,3,3,3,3
4179,6,6,6,6,6,6
4026,5,5,5,5,5,5
6106,0,0,0,0,0,0
4116,6,6,6,6,6,6
988,4,4,4,4,4,4
6101,5,5,5,5,5,5
3453,4,4,4,4,4,4
6298,0,0,0,0,0,0
3778,4,4,4,4,4,4
5788,0,0,0,0,0,0
3093,0,0,0,0,0,0
3155,6,6,6,6,6,6
5069,0,0,0,0,0,0
3201,0,0,0,0,0,0
5568,5,5,5,5,5,5
1098,1,1,1,1,1,1
5805,2,2,2,2,2,2
2844,0,0,0,0,0,0
886,5,5,5,5,5,5
6809,0,0,0,0,0,0
5349,0,0,0,0,0,0
515,3,3,3,3,3,3
6364,2,2,2,2,2,2
4833,5,5,5,5,5,5
1453,2,2,2,2,2,2
3553,2,2,2,2,2,2
3609,0,0,0,0,0,0
4665,2,2,2,2,2,2
2506,4,4,4,4,4,4
2994,5,5,5,5,5,5
3999,5,5,5,5,5,5
6537,0,0,0,0,0,0
906,0,0,0,0,0,0
28,0,0,0,0,0,0
5920,3,3,3,3,3,3
2507,3,3,3,3,3,3
2428,0,0,0,0,0,0
5043,2,2,2,2,2,2
762,4,4,4,4,4,4
3747,4,4,4,4,4,4
4811,5,5,5,5,5,5
284,0,0,0,0,0,0
686,4,4,4,4,4,4
6734,4,4,4,4,4,4
2353,6,6,6,6,6,6
5551,4,4,4,4,4,4
5928,2,2,2,2,2,2
21,3,3,3,3,3,3
2752,1,1,1,1,1,1
885,4,4,4,4,4,4
917,5,5,5,5,5,5
1040,1,1,1,1,1,1
5474,6,6,6,6,6,6
1265,3,3,3,3,3,3
4579,2,2,2,2,2,2
5972,1,1,1,1,1,1
277,1,1,1,1,1,1
5084,6,6,6,6,6,6
2084,0,0,0,0,0,0
1245,1,1,1,1,1,1
2382,6,6,6,6,6,6
571,0,0,0,0,0,0
1435,6,6,6,6,6,6
3902,5,5,5,5,5,5
5089,6,6,6,6,6,6
1247,5,5,5,5,5,5
4681,2,2,2,2,2,2
3526,3,3,3,3,3,3
2514,0,0,0,0,0,0
1007,2,2,2,2,2,2
4770,6,6,6,6,6,6
4543,5,5,5,5,5,5
5195,5,5,5,5,5,5
6179,5,5,5,5,5,5
2064,4,4,4,4,4,4
5994,1,1,1,1,1,1
1690,0,0,0,0,0,0
5956,3,3,3,3,3,3
1985,2,2,2,2,2,2
294,5,5,5,5,5,5
1547,2,2,2,2,2,2
2012,0,0,0,0,0,0
588,2,2,2,2,2,2
3329,1,1,1,1,1,1
2403,1,1,1,1,1,1
2129,2,2,2,2,2,2
3998,2,2,2,2,2,2
6038,6,6,6,6,2,6
3741,4,4,4,4,4,4
3508,2,2,2,2,2,2
2719,3,3,3,3,3,3
4521,2,2,2,2,2,2
5150,4,4,4,4,4,4
6281,4,4,4,4,4,4
6288,5,5,5,5,5,5
556,0,0,0,0,0,0
4795,0,0,0,0,0,0
2469,6,6,6,6,6,6
3738,4,4,4,4,4,4
4286,6,6,6,6,6,6
5683,4,4,4,4,4,4
1716,1,1,1,1,1,1
2604,6,6,6,6,6,6
5694,1,1,1,1,1,1
1704,0,0,0,0,0,0
2139,2,2,2,2,2,2
3239,0,0,0,0,0,0
2383,2,2,2,2,2,2
4311,1,1,1,1,1,1
1285,2,2,2,2,2,2
5875,1,1,1,1,1,1
6162,3,3,3,3,3,3
3930,6,6,6,6,6,6
5219,1,1,1,1,1,1
1591,3,3,3,3,3,3
6109,6,6,6,6,6,6
2162,5,5,5,5,5,5
2396,6,6,6,6,6,6
317,6,6,6,6,6,6
6190,3,3,3,3,3,3
3111,1,1,1,1,1,1
5513,5,5,5,5,5,5
6699,4,4,4,4,4,4
4036,1,1,1,1,1,1
795,2,2,2,2,2,2
3020,5,5,5,5,5,5
1711,3,3,3,3,3,3
3387,4,4,4,4,4,4
36,6,6,6,6,6,6
4549,1,1,1,1,1,1
913,2,2,2,2,2,2
3972,4,4,4,4,4,4
4133,1,1,1,1,1,1
974,4,4,4,4,4,4
983,1,1,1,1,1,1
5885,3,3,3,3,3,3
1418,4,4,4,4,4,4
1560,0,0,0,0,0,0
4135,5,5,5,5,5,5
5502,5,5,5,5,5,5
4265,6,6,6,6,6,6
1355,0,0,0,0,0,0
6455,1,1,1,1,1,1
6540,1,1,1,1,1,1
987,4,4,4,4,6,4
2682,1,1,1,1,1,1
5047,1,1,1,1,1,1
1640,3,3,3,3,3,3
1290,1,1,1,1,1,1
3681,5,5,5,5,5,5
1380,6,6,6,6,6,6
1933,1,1,1,1,1,1
4675,2,2,2,2,2,2
5804,1,1,1,1,1,1
3160,5,5,5,5,5,5
2030,0,0,0,0,0,0
892,0,0,0,0,0,0
4876,2,2,2,2,2,2
4069,3,3,3,3,3,3
4255,5,5,5,5,5,5
2,0,0,0,0,0,0
2109,0,0,0,0,0,0
849,0,0,0,0,0,0
2737,0,0,0,0,0,0
2466,5,5,5,5,5,5
1914,0,0,0,0,0,0
1596,0,0,0,0,4,0
1913,2,2,2,2,2,2
5139,0,0,0,0,0,0
6494,2,2,2,2,2,2
2736,0,0,0,0,0,0
726,2,2,2,2,2,2
53,0,0,0,0,0,0
1796,4,4,4,4,4,4
3845,0,0,0,0,0,0
2553,3,3,3,3,3,3
2800,0,0,0,0,0,0
936,5,5,5,5,5,5
5692,4,4,4,4,4,4
824,3,3,3,3,3,3
4321,6,6,6,6,0,6
3401,4,4,4,4,4,4
1389,0,0,0,0,0,0
3564,4,4,4,4,4,4
884,1,1,1,1,1,1
4867,6,6,6,6,6,6
1868,0,0,4,4,4,4
5181,1,1,1,1,1,1
10,4,4,4,4,4,4
3415,6,6,6,6,6,6
1463,5,5,5,5,5,5
806,5,5,5,5,5,5
5628,1,1,1,1,1,1
5425,3,3,3,3,3,3
4068,0,0,0,0,0,0
2108,3,3,3,3,3,3
5823,4,4,4,4,4,4
6841,4,4,4,4,4,4
2234,5,5,5,5,5,5
963,0,0,0,0,0,0
4494,2,2,2,2,2,2
2632,1,1,1,1,1,1
704,0,0,0,0,0,0
431,1,1,1,1,2,1
4388,6,6,6,6,6,6
145,0,0,0,0,0,0
2033,0,0,0,0,0,0
5789,1,1,1,1,1,1
1165,3,3,3,3,3,3
3500,0,0,0,0,0,0
2050,2,2,2,2,2,2
3760,2,2,2,2,2,2
2624,5,5,5,5,5,5
4484,5,5,5,5,5,5
4435,5,5,5,5,5,5
5497,2,2,2,2,2,2
5346,6,6,6,6,6,6
4361,4,4,4,4,4,4
2424,4,4,4,4,4,4
1262,4,4,4,4,4,4
1771,3,3,3,3,3,3
3511,1,1,1,1,1,1
271,0,0,0,0,0,0
4792,1,1,1,1,1,1
6870,4,4,4,4,4,4
244,4,4,4,4,4,4
6692,0,0,0,0,0,0
4572,4,4,4,4,4,4
2032,0,0,0,0,0,0
6356,2,2,2,2,2,2
5454,1,1,1,1,1,1
813,1,1,1,1,1,1
3810,5,5,5,5,5,5
5603,6,6,6,6,6,6
1804,2,2,2,2,2,2
5860,5,5,5,5,5,5
4346,1,1,1,1,1,1
2461,5,5,5,5,5,5
545,6,6,6,6,6,6
3241,4,4,4,4,4,4
738,0,0,0,0,0,0
310,0,0,0,0,0,0
3521,3,3,3,3,3,3
1131,1,1,1,1,1,1
6794,1,1,1,1,1,1
4111,0,0,0,0,0,0
2769,5,5,5,5,5,5
920,1,1,1,1,1,1
3587,6,6,6,6,6,6
3959,4,4,4,4,4,4
38,1,1,1,1,1,1
4459,5,5,5,5,5,5
4278,3,3,3,3,3,3
2983,5,5,5,5,5,5
5290,6,6,6,6,6,6
6884,3,3,3,3,3,3
5217,5,5,5,5,5,5
2667,1,1,1,1,1,1
3223,2,2,2,2,2,2
1182,6,6,6,6,6,6
614,5,5,5,5,5,5
6774,6,6,6,6,6,6
1466,6,6,6,6,6,6
4497,1,1,1,1,1,1
3042,2,2,2,2,2,2
934,5,5,5,5,5,5
2419,6,6,6,6,0,6
5085,6,6,6,6,6,6
6223,1,1,1,1,1,1
5591,1,1,1,1,1,1
4822,3,3,3,3,3,3
826,4,4,4,4,4,4
1521,0,0,0,0,0,0
2930,2,2,2,2,2,2
4232,5,5,5,5,5,5
628,2,2,2,2,2,2
4430,1,1,1,1,1,1
3853,5,5,5,5,5,5
390,0,0,0,0,0,0
4345,0,0,0,0,0,0
6725,3,3,3,3,3,3
3990,2,2,2,2,2,2
400,2,2,2,2,2,2
4806,1,1,1,1,1,1
5135,5,5,5,5,5,5
5574,0,0,0,0,0,0
3359,4,4,4,4,4,4
46,4,4,4,4,4,4
6616,1,1,1,1,1,1
6799,0,0,0,0,0,0
3642,2,2,2,2,2,2
3726,5,5,5,5,5,5
6313,2,2,2,2,2,2
5208,0,0,0,0,0,0
5319,4,4,4,4,4,4
6696,3,3,3,3,3,3
2421,2,2,2,2,2,2
1750,0,0,0,0,0,0
6669,0,0,0,0,0,0
5654,6,6,6,6,6,6
4062,3,3,3,3,3,3
338,4,4,4,4,0,4
215,1,1,1,1,1,1
3663,6,6,6,6,6,6
1341,5,5,5,5,5,5
6306,0,0,0,0,0,0
3894,3,3,3,3,3,3
3640,3,3,3,3,3,3
329,3,3,3,3,3,3
5428,6,6,6,6,6,6
3004,0,0,0,0,0,0
6587,4,4,4,4,4,4
3115,0,0,0,0,0,0
6672,3,3,3,3,3,3
2322,2,2,2,2,2,2
4197,6,6,6,6,6,6
3549,1,1,1,1,1,1
1458,1,1,1,1,1,1
171,6,6,6,6,6,6
4203,2,2,2,2,2,2
5776,0,0,0,0,0,0
3569,6,6,6,6,6,6
4226,6,6,6,6,6,6
5158,1,1,1,1,1,1
5631,0,0,0,0,0,0
5687,5,5,5,5,5,5
938,5,5,5,5,5,5
60,4,4,4,4,4,4
1240,4,4,4,4,4,4
5136,2,2,2,2,2,2
5765,6,6,6,6,0,6
2120,2,2,2,2,2,2
1524,2,2,2,2,2,2
153,1,1,1,1,1,1
481,6,6,6,6,6,6
4460,3,3,3,3,3,3
3920,4,4,4,4,4,4
1762,3,3,3,3,3,3
750,2,2,2,2,2,2
1785,0,0,0,0,0,0
5738,3,3,3,3,3,3
4501,6,6,6,6,6,6
4853,6,6,6,6,6,6
2711,3,3,3,3,3,3
5576,5,5,5,5,5,5
4193,0,0,0,0,0,0
1333,4,4,4,4,4,4
6138,2,2,2,2,2,2
2854,4,4,4,4,4,4
186,5,5,5,5,5,5
1136,4,4,4,4,0,4
2058,3,3,3,3,3,3
5783,0,0,0,0,0,0
6137,2,2,2,2,2,2
148,2,2,2,2,0,2
4124,1,1,1,1,1,1
4889,2,2,2,2,2,2
3363,4,4,4,4,4,4
4788,0,0,0,0,0,0
2866,0,0,0,0,0,0
3776,4,4,4,4,4,4
1386,5,5,5,5,5,5
6515,5,5,5,5,5,5
5710,1,1,1,1,1,1
3629,3,3,3,3,3,3
6206,2,2,2,2,2,2
4797,6,6,6,6,6,6
3028,0,0,0,0,0,0
2969,4,4,4,4,4,4
5995,1,1,1,1,1,1
1708,5,5,5,5,5,5
2953,5,5,5,5,5,5
454,2,2,2,2,2,2
609,4,4,4,4,4,4
4263,3,3,3,3,3,3
4826,0,0,0,0,0,0
5848,0,0,0,0,0,0
2074,0,0,0,0,0,0
4052,1,1,1,1,1,1
5610,6,6,6,6,6,6
1622,3,3,3,3,3,3
4683,2,2,2,2,2,2
6040,1,1,1,1,1,1
40,4,4,4,4,4,4
5475,2,2,2,2,2,2
2089,0,0,0,0,0,0
3924,4,4,4,4,4,4
2175,5,5,5,5,5,5
74,2,2,2,2,2,2
5522,2,2,2,2,2,2
6807,5,5,5,5,5,5
2657,3,3,3,3,3,3
3180,1,1,1,1,1,1
2076,4,4,4,4,4,4
441,3,3,3,3,3,3
2051,4,4,4,4,4,4
2541,3,3,3,3,3,3
1301,3,3,3,3,3,3
3430,3,3,3,3,3,3
1304,2,2,2,2,2,2
236,4,4,4,4,4,4
5909,4,4,4,4,4,4
2599,6,6,6,6,6,6
4616,6,6,6,6,6,6
2573,3,3,3,3,3,3
3280,3,3,3,3,3,3
3186,6,6,6,6,6,6
3953,1,1,1,1,1,1
2768,1,1,1,1,1,1
4831,2,2,2,2,2,2
4223,4,4,4,4,0,4
2106,0,0,0,0,0,0
2679,3,3,3,3,3,3
2761,3,3,3,3,3,3
4688,3,3,3,3,3,3
5399,2,2,2,2,2,2
1387,3,3,3,3,3,3
6471,0,0,0,0,0,0
6240,1,1,1,1,1,1
6656,2,2,2,2,2,2
5000,1,1,1,1,1,1
1279,1,1,1,1,1,1
6154,2,2,2,2,2,2
6761,2,2,2,2,2,2
1555,3,3,3,3,3,3
6837,4,4,4,4,4,4
3190,1,1,1,1,1,1
4566,1,1,1,1,1,1
4802,3,3,3,3,3,3
6466,4,4,4,4,4,4
4841,6,6,6,6,6,6
3594,6,6,6,6,6,6
1920,5,5,5,5,5,5
513,6,6,6,6,6,6
4177,2,2,2,2,2,2
1308,3,3,3,3,3,3
914,4,4,4,4,4,4
3452,4,4,4,4,4,4
3695,2,2,2,2,2,2
4242,4,4,4,4,4,4
3156,3,3,3,3,3,3
2198,1,1,1,1,1,1
774,2,2,2,2,2,2
4425,1,1,1,1,1,1
943,1,1,1,1,1,1
822,5,5,5,5,5,5
5005,1,1,1,1,1,1
4277,6,6,6,6,6,6
164,4,4,4,4,4,4
4547,6,6,6,6,6,6
3983,0,0,0,0,0,0
2538,5,5,5,5,5,5
6578,0,0,0,0,0,0
1311,3,3,3,3,3,3
5207,6,6,6,6,6,6
6269,1,1,1,1,1,1
5383,5,5,5,5,5,5
5752,2,2,2,2,2,2
6399,4,4,4,4,4,4
3300,1,1,1,1,1,1
3310,5,5,5,5,5,5
327,2,2,2,2,2,2
2490,1,1,1,1,1,1
6459,2,2,2,2,2,2
4408,6,6,6,6,6,6
832,1,1,1,1,1,1
3079,6,6,6,6,6,6
3462,3,3,3,3,3,3
5297,3,3,3,3,3,3
6041,4,4,4,4,4,4
54,6,6,6,6,6,6
4064,0,0,0,0,0,0
3451,5,5,5,5,5,5
1901,4,4,4,4,4,4
1481,1,1,1,1,1,1
4873,4,4,4,4,0,4
4895,4,4,4,4,4,4
4150,6,6,6,6,6,6
3335,0,0,0,0,0,0
4926,2,2,2,2,2,2
946,4,4,4,4,4,4
3293,5,5,5,5,5,5
2161,4,4,4,4,4,4
6680,3,3,3,3,3,3
5083,6,6,6,6,6,6
5841,1,1,1,1,1,1
3057,3,3,3,3,3,3
5490,5,5,5,5,5,5
768,6,6,6,6,6,6
6481,2,2,2,2,2,2
3495,4,4,4,4,6,4
285,5,5,5,5,5,5
6819,0,0,0,0,0,0
4524,4,4,4,4,4,4
6133,6,6,6,6,6,6
2332,4,4,4,4,0,4
2717,3,3,3,3,3,3
2079,2,2,2,2,2,2
3389,5,5,5,5,5,5
722,5,5,5,5,5,5
951,3,3,3,3,3,3
6010,1,1,1,1,1,1
2262,1,1,1,1,1,1
989,0,0,0,0,0,0
3212,0,0,0,0,0,0
1759,4,4,4,4,4,4
5667,0,0,0,0,0,0
4422,0,0,0,0,0,0
5479,5,5,5,5,5,5
1724,6,6,6,6,6,6
5182,4,4,4,4,4,4
341,6,6,6,6,6,6
3701,1,1,1,1,1,1
4243,4,4,4,4,4,4
688,6,6,6,6,6,6
3432,4,4,4,4,4,4
5203,4,4,4,4,4,4
4944,5,5,5,5,5,5
966,5,5,5,5,5,5
6510,1,1,1,1,1,1
6233,4,4,4,4,4,4
2203,4,4,4,4,4,4
2713,4,4,4,4,4,4
4757,3,3,3,3,3,3
5098,6,6,6,6,6,6
6073,1,1,1,1,1,1
6308,0,0,0,0,0,0
5280,6,6,6,6,6,6
3572,4,4,4,4,4,4
4805,0,0,0,0,0,0
5299,6,6,6,6,6,6
1990,3,3,3,3,3,3
4120,1,1,1,1,1,1
4759,2,2,2,2,2,2
5662,0,0,0,0,0,0
5298,4,4,4,4,4,4
6025,3,3,3,3,3,3
4971,3,3,3,3,3,3
6534,6,6,6,6,6,6
5034,3,3,3,3,3,3
3600,0,0,0,0,0,0
6428,5,5,5,5,5,5
6868,5,5,5,5,5,5
5689,2,2,2,2,2,2
385,2,2,2,2,2,2
6016,5,5,5,5,5,5
6580,4,4,4,4,4,4
536,0,0,0,0,0,0
6431,6,6,6,6,6,6
5032,0,0,0,0,0,0
4212,6,6,6,6,6,6
3507,2,2,2,2,2,2
201,4,4,4,4,4,4
1332,0,0,0,0,0,0
3502,6,6,6,6,6,6
2708,6,6,6,6,6,6
5031,1,1,1,1,1,1
4662,3,3,3,3,3,3
4021,5,5,5,5,5,5
1854,4,4,4,4,4,4
6163,4,4,4,4,4,4
2872,2,2,2,2,2,2
3030,5,5,5,5,5,5
1205,6,6,6,6,6,6
1645,0,0,0,0,0,0
3417,6,6,6,6,6,6
3476,6,6,6,6,6,6
2861,3,3,3,3,3,3
1792,3,3,3,3,3,3
5526,5,5,5,5,5,5
3797,0,0,0,0,0,0
3368,6,6,6,6,6,6
3367,0,0,0,0,0,0
3533,4,4,4,4,4,4
6048,1,1,1,1,1,1
5109,0,0,0,0,0,0
3449,3,3,3,3,3,3
603,4,4,4,4,4,4
3056,5,5,5,5,5,5
6000,0,0,0,0,0,0
126,4,4,4,4,4,4
3876,1,1,1,1,1,1
2935,6,6,6,6,6,6
5443,0,0,0,0,0,0
4451,1,1,1,1,1,1
3531,4,4,4,4,4,4
2730,2,2,2,2,2,2
827,1,1,1,1,1,1
1639,2,2,2,2,2,2
984,6,6,6,6,6,6
3281,1,1,1,1,1,1
6859,4,4,4,4,4,4
2188,5,5,5,5,5,5
6351,3,3,3,3,3,3
2443,6,6,6,6,6,6
362,2,2,2,2,2,2
2349,0,0,0,0,0,0
345,1,1,1,1,1,1
814,5,5,5,5,5,5
4807,5,5,5,5,5,5
3205,5,5,5,5,5,5
6249,4,4,4,4,6,4
6611,1,1,1,1,1,1
3325,3,3,3,3,3,3
4106,3,3,3,3,3,3
2116,6,6,6,6,6,6
1834,1,1,1,1,1,1
793,3,3,3,3,3,3
6828,3,3,3,3,3,3
2674,2,2,2,2,2,2
94,5,5,5,5,5,5
4225,5,5,5,5,5,5
3756,0,0,0,0,0,0
2891,2,2,2,2,2,2
2371,6,6,6,6,6,6
5716,2,2,2,2,2,2
6110,0,0,0,0,0,0
3228,2,2,2,2,2,2
6147,5,5,5,5,5,5
2853,0,0,0,0,6,0
6382,1,1,1,1,1,1
2912,3,3,3,3,3,3
1865,4,4,4,4,4,4
4612,3,3,3,3,3,3
1857,3,3,3,3,3,3
2645,0,0,0,0,0,0
2243,3,3,3,3,3,3
5373,4,4,4,4,4,4
2336,3,3,3,3,3,3
950,2,2,2,2,2,2
3068,3,3,3,3,3,3
1120,1,1,1,1,1,1
2597,5,5,5,5,5,5
2204,0,0,0,0,0,0
419,6,6,6,6,6,6
922,4,4,4,4,4,4
1254,4,4,4,4,4,4
477,2,2,2,2,2,2
2035,1,1,1,1,1,1
6347,2,2,2,2,2,2
5567,4,4,4,4,0,4
1202,6,6,6,6,6,6
2626,6,6,6,6,6,6
6639,6,6,6,6,6,6
1970,3,3,3,3,3,3
3110,5,5,5,5,5,5
4018,5,5,5,5,5,5
2151,2,2,2,2,2,2
3687,3,3,3,3,5,3
4916,0,0,0,0,0,0
1997,6,6,6,6,6,6
4033,5,5,5,5,5,5
6765,0,0,0,0,0,0
3054,5,5,5,5,5,5
1248,3,3,3,3,3,3
2192,0,0,0,0,0,0
2712,6,6,6,6,6,6
992,0,0,0,0,0,0
2190,3,3,3,3,3,3
4670,6,6,6,6,6,6
5142,4,4,4,4,4,4
3762,2,2,2,2,2,2
3597,6,6,6,6,6,6
4711,0,0,0,0,0,0
1318,6,6,6,6,6,6
1863,6,6,6,6,6,6
2343,4,4,4,4,4,4
2449,5,5,5,5,5,5
2136,5,5,5,5,5,5
1065,3,3,3,3,3,3
6845,6,6,6,6,6,6
4227,5,5,5,5,5,5
2621,5,5,5,5,5,5
77,0,0,0,0,6,0
2898,3,3,3,3,3,3
4820,0,0,0,0,0,0
1314,0,0,0,0,0,0
6737,2,2,2,2,2,2
872,1,1,1,1,1,1
3850,3,3,3,3,3,3
5468,6,6,6,6,6,6
6596,4,4,4,4,4,4
2965,2,2,2,2,2,2
3391,4,4,4,4,0,4
5415,1,1,1,1,1,1
2560,3,3,3,3,3,3
6756,3,3,3,3,3,3
2635,2,2,2,2,2,2
5256,2,2,2,2,2,2
3530,6,6,6,6,6,6
375,6,6,6,6,6,6
1908,3,3,3,3,3,3
4429,3,3,3,3,3,3
5967,4,4,4,4,4,4
6028,4,4,4,4,4,4
4027,2,2,2,2,2,2
1604,2,2,2,2,2,2
1118,1,1,1,1,1,1
3677,2,2,2,2,2,2
3490,4,4,4,4,4,4
6708,4,4,4,4,4,4
2958,2,2,2,2,2,2
1994,4,4,4,4,4,4
6840,2,2,2,2,2,2
5993,0,0,0,0,0,0
2376,1,1,1,1,1,1
6314,1,1,1,1,1,1
1342,0,0,0,0,0,0
320,2,2,2,2,2,2
1619,0,0,0,0,0,0
3713,2,2,2,2,2,2
6311,3,3,3,3,3,3
2060,2,2,2,2,2,2
2219,1,1,1,1,1,1
1673,6,6,6,6,6,6
260,4,4,4,4,4,4
6087,2,2,2,2,2,2
2039,1,1,1,1,1,1
4785,5,5,5,5,5,5
901,2,2,2,2,2,2
3744,0,0,0,0,0,0
2026,1,1,1,1,1,1
4234,1,1,1,1,1,1
1917,3,3,3,3,3,3
1828,1,1,1,1,1,1
1573,4,4,4,4,4,4
4415,4,4,4,4,4,4
4749,2,2,2,2,2,2
6049,6,6,6,6,6,6
4654,1,1,1,1,1,1
4208,0,0,0,0,0,0
4627,4,6,6,6,6,6
224,1,1,1,1,1,1
723,1,1,1,1,1,1
6185,5,5,5,5,5,5
1141,6,6,6,6,6,6
5529,5,5,5,5,5,5
5764,4,4,4,4,4,4
5554,1,1,1,1,1,1
6542,4,4,4,4,4,4
2762,1,1,1,1,1,1
846,2,2,2,2,2,2
4289,3,3,3,3,3,3
5560,1,1,1,1,1,1
5042,4,4,4,4,4,4
2551,0,0,0,0,0,0
5725,5,5,5,5,5,5
2928,2,2,2,2,2,2
117,0,0,0,0,0,0
645,5,5,5,5,5,5
3,6,6,6,6,6,6
4170,0,0,0,0,0,0
467,0,0,0,0,0,0
5,5,5,5,5,5,5
5342,0,0,0,0,4,0
919,3,3,3,3,3,3
2595,2,2,2,2,2,2
4324,2,2,2,2,2,2
1063,1,1,1,1,1,1
2590,3,3,3,3,3,3
242,0,0,0,0,0,0
6001,0,0,0,0,0,0
1160,0,0,0,0,0,0
2870,4,4,4,4,4,4
3735,2,2,2,2,2,2
6305,1,1,1,1,1,1
2397,2,2,2,2,2,2
3517,2,2,2,2,2,2
3421,4,4,4,4,4,4
2563,6,6,6,6,6,6
5622,6,6,6,6,6,6
1605,6,6,6,6,6,6
6652,2,2,2,2,2,2
2324,6,6,6,6,6,6
2709,2,2,2,2,2,2
6056,1,1,1,1,1,1
1312,2,2,2,2,2,2
3448,3,3,3,3,3,3
3812,6,6,6,6,6,0
6412,6,6,6,6,6,6
2362,5,5,5,5,5,5
1975,6,6,6,6,6,6
3514,3,3,3,3,3,3
1761,0,0,0,0,0,6
5401,2,2,2,2,2,2
2739,0,0,0,0,0,0
5637,2,2,2,2,2,2
6421,2,2,2,2,2,2
2472,1,1,1,1,1,1
4007,0,0,0,0,0,0
4718,1,1,1,1,1,1
1493,6,6,6,6,6,6
4206,6,6,6,6,6,6
2158,3,3,3,3,3,3
1169,6,6,6,6,6,6
6227,6,6,6,6,6,6
232,6,6,6,6,6,0
66,2,2,2,2,2,2
1603,2,2,2,2,2,4
3283,0,0,0,0,0,0
3596,4,4,4,4,4,4
4632,0,0,0,0,0,0
125,1,1,1,1,1,1
5350,0,0,0,0,0,0
1296,4,4,4,4,4,4
1976,2,2,2,2,2,2
6228,2,2,2,2,2,2
6180,6,6,6,6,6,6
2075,5,5,5,5,5,5
4580,1,1,1,1,1,1
5750,6,6,6,6,6,6
6511,1,1,1,1,1,1
3086,2,2,2,2,2,2
5981,0,0,0,0,0,0
3345,2,2,2,2,2,2
6158,6,6,6,6,6,6
5870,3,3,3,3,3,3
2797,2,2,2,2,2,2
918,5,5,5,5,5,5
1646,3,3,3,3,3,3
5122,1,1,1,1,1,1
5126,6,6,6,6,6,6
4978,6,6,6,6,6,6
5431,3,3,3,3,3,3
4621,4,4,4,4,4,4
364,5,5,5,5,5,5
3287,2,2,2,2,2,2
2125,3,3,3,3,3,3
4123,5,5,5,5,5,5
4569,0,0,0,0,0,0
525,5,5,5,5,5,5
4821,5,5,5,5,5,5
55,1,1,1,1,1,1
638,5,5,5,5,5,5
302,6,6,6,6,6,6
2766,0,0,0,0,0,0
5811,6,6,6,6,6,6
1276,6,6,6,6,6,6
4720,5,5,5,5,5,5
2055,0,0,0,0,0,0
5376,4,4,4,4,4,4
5145,1,1,1,1,1,1
4432,4,4,4,4,4,4
3644,0,0,0,0,0,0
4143,0,0,0,0,0,0
2878,1,1,1,1,1,1
4202,1,1,1,1,1,1
5175,1,1,1,1,1,1
2286,4,4,4,4,4,4
2261,1,1,1,1,1,1
5240,4,4,4,4,4,4
2296,4,4,4,4,4,4
5932,4,4,4,4,4,4
1753,4,4,4,4,4,4
5197,6,6,6,6,6,6
1968,4,4,4,4,4,4
6770,1,1,1,1,1,1
3117,2,2,2,2,2,2
2393,4,4,4,4,4,4
523,4,4,4,4,4,4
5524,6,6,6,6,6,6
3900,2,2,2,2,2,2
6426,3,3,3,3,3,3
4699,6,6,6,6,6,6
5585,6,6,6,6,6,6
6083,1,1,1,1,1,1
3122,3,3,3,3,3,3
4156,5,5,5,5,5,5
1969,2,2,2,2,2,2
671,5,5,5,5,5,5
4188,3,3,3,3,3,3
666,3,3,3,3,3,3
5973,5,5,5,5,5,5
1887,2,2,2,2,2,2
3266,3,3,3,3,3,3
280,4,4,4,4,4,4
1719,0,0,0,0,0,0
2947,2,2,2,2,2,2
4455,4,4,4,4,4,4
899,5,5,5,5,5,5
6686,0,0,0,0,0,0
760,0,0,0,0,0,0
1906,0,0,0,0,0,0
4042,3,3,3,3,3,3
3823,4,4,4,4,4,4
4138,2,2,2,2,2,2
3818,3,3,3,3,3,3
4300,0,0,0,0,0,0
5569,4,4,4,4,4,4
2593,2,2,2,2,2,2
4164,5,5,5,5,5,5
3031,1,1,1,1,1,1
5971,4,4,4,4,4,4
3579,3,3,3,3,3,3
2832,2,2,2,2,2,2
5449,3,3,3,3,3,3
3472,3,3,3,3,3,3
137,0,0,0,0,0,0
4892,0,0,0,0,0,0
2180,4,4,4,4,4,4
2128,5,5,5,5,5,5
3177,6,6,6,6,6,6
4854,2,2,2,2,2,2
4637,4,4,4,4,4,4
5115,6,6,6,6,6,6
6011,4,4,4,4,4,4
4261,6,6,6,6,6,6
4344,2,2,2,2,2,2
1331,2,2,2,2,2,2
2017,5,5,5,5,5,5
4542,2,2,2,2,2,2
2482,2,2,2,2,2,2
1358,4,4,4,4,4,4
1329,4,4,4,4,4,4
6797,2,2,2,2,2,2
2150,5,5,5,5,5,5
4530,2,2,2,2,2,2
2122,2,2,2,2,2,2
4673,1,1,1,1,1,1
3981,6,6,6,6,6,6
1252,6,6,6,6,6,6
3278,5,5,5,5,5,5
3374,4,4,4,4,4,4
2814,2,2,2,2,2,2
4719,0,0,0,0,0,0
1848,2,2,2,2,2,2
4858,1,1,1,1,1,1
3037,4,4,4,4,4,4
388,5,5,5,5,5,5
235,4,4,4,4,4,4
1077,6,6,6,6,6,0
1984,1,1,1,1,1,1
4363,5,5,5,5,5,5
3962,5,5,5,5,5,5
770,4,4,4,4,4,4
2165,2,2,2,2,2,2
4533,4,4,4,4,4,4
673,6,6,6,6,6,6
249,2,2,2,2,2,2
1574,0,0,0,0,0,0
3419,6,6,6,6,6,6
2081,2,2,2,2,2,2
1823,5,5,5,5,5,5
6379,3,3,3,3,3,3
6595,0,0,0,0,0,0
4544,4,4,4,4,4,4
5565,0,0,0,0,0,0
716,2,2,2,2,2,2
6149,1,1,1,1,1,1
6434,1,1,1,1,1,1
2048,5,5,5,5,5,5
5997,3,3,3,3,3,3
5264,3,3,3,3,3,3
4178,5,5,5,5,5,5
4809,2,2,2,2,2,2
2724,0,0,0,0,0,0
6232,1,1,1,1,1,1
1460,3,3,3,3,3,3
5989,4,4,4,4,4,0
1668,5,5,5,5,5,5
2756,2,2,2,2,2,2
2000,0,0,0,0,0,0
4571,4,4,4,4,4,4
4613,3,3,3,3,3,3
404,0,0,0,0,0,2
384,1,1,1,1,1,1
6192,0,0,0,0,0,0
2152,1,1,1,1,1,1
1633,5,5,5,5,5,5
6318,2,2,2,2,2,2
5580,0,0,0,0,0,0
4784,6,6,6,6,6,6
3925,6,6,6,6,6,6
5336,4,4,4,4,4,4
4158,2,2,2,2,2,2
4948,2,2,2,2,2,2
5898,3,3,3,3,3,3
5358,4,4,4,4,4,4
223,5,5,5,5,5,5
2193,4,4,4,4,4,4
3136,0,0,0,0,0,0
4469,0,0,0,0,0,0
1824,0,0,0,0,0,0
6335,4,4,4,4,4,4
5124,1,1,1,1,1,1
4972,0,0,0,0,0,0
797,0,0,0,0,0,0
2871,6,6,6,6,6,6
9,2,2,2,2,2,2
1944,3,3,3,3,3,3
1838,1,1,1,1,1,1
4804,1,1,1,1,1,1
255,5,5,5,5,5,5
5713,5,5,5,5,5,5
4485,3,3,3,3,3,3
6214,0,0,0,0,0,0
1581,4,4,4,4,4,4
2956,4,4,4,4,4,4
924,0,0,0,0,0,0
6107,4,4,4,4,4,4
2508,6,6,6,6,6,6
5024,5,5,5,5,5,5
5320,1,1,1,1,1,1
6042,2,2,2,2,2,2
3775,5,5,5,5,5,5
4835,0,0,0,0,0,0
4136,2,2,2,2,2,2
4964,6,6,6,6,6,6
2779,5,5,5,5,5,5
539,3,3,3,3,3,3
2745,2,2,2,2,2,2
6199,3,3,3,3,3,3
6297,6,6,6,6,6,6
5467,0,0,0,0,0,0
1145,3,3,3,3,3,3
5127,2,2,2,2,2,2
4468,1,1,1,1,1,1
667,2,2,2,2,2,2
3019,5,5,5,5,5,5
357,4,4,4,4,4,4
5063,2,2,2,2,2,2
2831,3,3,3,3,3,3
2783,4,4,4,4,4,4
1353,3,3,3,3,3,3
5131,6,6,6,6,6,6
470,5,5,5,5,5,5
2703,0,0,0,0,0,0
3330,6,6,6,6,6,6
3637,6,6,6,6,6,6
1396,6,6,6,6,6,6
3584,6,6,6,6,6,1
6186,4,4,4,4,4,4
5262,1,1,1,1,1,1
5645,4,4,4,4,4,4
3376,2,2,2,2,2,2
1256,3,3,3,3,3,3
3512,0,0,0,0,0,0
5651,4,4,4,4,4,4
5778,1,1,1,1,1,1
1250,1,1,1,1,1,1
5795,2,2,2,2,2,2
5348,2,2,2,2,2,2
6627,4,4,4,4,4,4
4298,6,6,6,6,6,6
3284,3,3,3,3,3,3
2933,2,2,2,2,2,2
4175,0,0,0,0,0,0
5268,0,0,0,0,0,0
4910,5,5,5,5,5,5
1852,4,4,4,4,4,4
6449,5,5,5,5,5,5
6714,4,4,4,4,4,4
2105,3,3,3,3,3,3
133,3,3,3,3,3,3
5236,5,5,5,5,5,5
5029,4,4,4,4,4,4
928,5,5,5,5,5,5
823,1,1,1,1,1,1
6893,3,3,3,3,3,3
1531,2,2,2,2,2,2
1214,4,4,4,4,4,4
504,0,0,0,0,0,0
4285,1,1,1,1,1,1
1996,1,1,1,1,1,1
3072,2,2,2,2,2,2
1958,4,4,4,4,4,4
1384,0,0,0,0,0,0
894,6,6,6,6,6,6
4924,0,0,0,0,0,0
455,5,5,5,5,5,5
5779,4,4,4,4,4,4
6387,3,3,3,3,3,3
3709,6,6,6,6,6,6
6362,2,2,2,2,2,2
4849,2,2,2,2,2,2
4748,2,2,2,2,2,2
4268,0,0,0,0,0,0
3522,3,3,3,3,3,3
4134,3,3,3,3,3,3
3602,0,0,0,0,0,0
6744,1,1,1,1,1,1
713,4,4,4,4,4,4
4186,2,2,2,2,2,2
2214,3,3,3,3,3,3
5301,5,5,5,5,5,5
2923,4,4,4,4,4,4
1810,4,4,4,4,4,4
3486,1,1,1,1,1,1
3141,6,6,6,6,6,6
1827,1,1,1,1,1,1
1155,3,3,3,3,3,3
1324,5,5,5,5,5,5
4312,5,5,5,5,5,5
510,3,3,3,3,3,3
1680,2,2,2,2,2,2
499,1,1,1,1,1,1
6252,5,5,5,5,5,5
1856,2,2,2,2,2,2
1388,1,1,1,1,1,1
5615,1,1,1,1,1,1
3719,1,1,1,1,1,1
2386,6,6,6,6,6,6
5541,3,3,3,3,3,3
3236,2,2,2,2,2,2
6172,4,4,4,4,4,0
1540,5,5,5,5,5,5
1217,1,1,1,1,1,1
2681,0,0,0,0,0,0
2993,6,6,6,6,6,6
5512,6,6,6,6,6,6
1191,6,6,6,6,6,0
5772,5,5,5,5,5,5
5293,0,0,0,0,0,0
1542,6,6,6,6,6,6
3301,2,2,2,2,2,2
3324,4,4,4,4,4,4
2539,6,6,6,6,6,4
953,6,6,6,6,6,6
4846,4,4,4,4,4,0
4330,5,5,5,5,5,5
732,6,6,6,6,6,6
6891,5,5,5,5,5,5
1156,6,6,6,6,6,6
6386,0,0,0,0,0,0
3294,6,6,6,6,6,6
2982,2,2,2,2,2,2
5305,3,3,3,3,3,3
5161,1,1,1,1,1,1
2156,4,4,4,4,4,4
1062,3,3,3,3,3,3
2616,4,4,4,4,4,4
1167,0,0,0,0,0,0
3222,4,4,4,4,4,4
3636,1,1,1,1,1,1
5588,3,3,3,3,3,3
2938,4,4,4,4,4,4
4491,5,5,5,5,5,5
3140,2,2,2,2,2,2
4980,0,0,0,0,0,0
143,4,4,4,4,4,4
6836,6,6,6,6,6,6
3577,3,3,3,3,3,3
4946,0,0,0,0,0,0
2782,5,5,5,5,5,5
717,0,0,0,0,0,0
1819,4,4,4,4,4,4
2502,3,3,3,3,3,3
4360,1,1,1,1,1,1
4171,0,0,0,0,0,6
395,2,2,2,2,2,2
5731,2,2,2,2,2,2
6729,3,3,3,3,3,3
4492,4,4,4,4,4,4
1365,2,2,2,2,2,2
6283,2,2,2,2,2,2
5999,2,2,2,2,2,2
595,2,2,2,2,2,2
6205,1,1,1,1,1,1
3952,5,5,5,5,5,5
5392,2,2,2,2,2,2
5917,0,0,0,0,0,0
4968,5,5,5,5,5,5
2914,0,0,0,0,0,0
2326,6,6,6,6,6,6
5644,4,4,4,4,4,4
3766,2,2,2,2,2,2
3440,3,3,3,3,3,3
3851,3,3,3,3,3,3
4132,1,1,1,1,1,1
6323,4,4,4,4,4,4
2143,1,1,1,1,1,1
6359,5,5,5,5,5,5
5073,2,2,2,2,2,2
1571,2,2,2,2,2,2
4079,1,1,1,1,1,1
1122,2,2,2,2,2,2
2786,0,0,0,0,0,0
2967,1,1,1,1,1,1
2504,1,1,1,1,1,1
5988,0,0,0,0,0,0
3465,1,1,1,1,1,1
675,3,3,3,3,3,3
2808,6,6,6,6,6,6
3348,2,2,2,2,2,2
728,1,1,1,1,1,1
412,3,3,3,3,3,3
3146,5,5,5,5,5,5
1516,4,4,4,4,4,4
5745,0,0,0,0,0,0
825,6,6,6,6,6,0
3267,4,4,4,4,4,4
3974,0,0,0,0,0,0
616,2,2,2,2,2,2
114,5,5,5,5,5,5
417,0,0,0,0,0,0
3069,4,4,4,4,4,4
1625,2,2,2,2,2,2
6833,4,4,4,4,4,4
4185,0,0,0,0,0,6
2896,2,2,2,2,2,2
6437,1,1,1,1,1,1
2082,4,4,4,4,4,4
753,6,6,6,6,6,6
2546,1,1,1,1,1,1
3969,4,4,4,4,4,4
3373,3,3,3,3,3,3
5726,5,5,5,5,5,5
4107,0,0,0,0,0,0
2444,3,3,3,3,3,3
4380,2,2,2,2,2,2
1066,6,6,6,6,6,6
3913,4,4,4,4,4,4
5287,1,1,1,1,1,1
5536,3,3,3,3,3,3
5387,0,0,0,0,0,0
5732,2,2,2,2,2,2
3498,4,4,4,4,4,4
2738,2,2,2,2,2,2
5052,3,3,3,3,3,3
4000,0,0,0,0,0,4
1568,3,3,3,3,3,3
2427,4,4,4,4,4,4
3746,0,0,0,0,0,0
6650,0,0,0,0,0,0
1687,0,0,0,0,0,0
851,0,0,0,0,0,0
3546,3,3,3,3,3,3
6303,0,0,0,0,0,0
895,0,0,0,0,0,0
4592,5,5,5,5,5,5
5878,2,2,2,2,2,2
335,5,5,5,5,5,5
2839,1,1,1,1,1,1
3087,3,3,3,3,3,3
4611,4,4,4,4,4,4
1348,6,6,6,6,6,6
1015,6,6,6,6,6,6
2816,6,6,6,6,6,0
1631,3,3,3,3,3,3
2489,0,0,0,0,0,0
3730,4,4,4,4,4,4
3251,0,0,0,0,0,0
6384,0,0,0,0,0,0
5877,6,6,6,6,6,6
5881,1,1,1,1,1,1
2070,4,4,4,4,4,4
4452,2,2,2,2,2,2
6781,0,0,0,0,0,0
5408,4,4,4,4,4,4
1635,4,4,4,4,4,0
4646,0,0,0,0,0,0
2479,6,6,6,6,6,6
2265,4,4,4,4,4,0
2959,5,5,5,5,5,5
5323,6,6,6,6,6,6
6516,5,5,5,5,5,5
3059,6,6,6,6,6,6
5053,2,2,2,2,2,2
5869,4,4,4,4,4,0
2141,2,2,2,2,2,2
5104,2,2,2,2,2,2
3118,1,1,1,1,1,1
5188,6,6,6,6,6,6
6508,4,4,4,4,4,4
4045,3,3,3,3,3,3
3356,0,0,0,0,0,0
2744,6,6,6,6,6,6
5092,3,3,3,3,3,3
3506,5,5,5,5,5,5
1679,5,5,5,5,5,5
4249,4,4,4,4,4,4
3147,0,0,0,0,0,0
2294,6,6,6,6,6,6
580,4,4,4,4,4,4
1470,4,4,4,4,4,4
4799,1,1,1,1,1,1
4070,2,2,2,2,2,2
5308,0,0,0,0,0,0
3343,3,3,3,3,3,3
4992,6,6,6,6,6,6
4583,6,6,6,6,6,6
3672,4,4,4,4,4,4
559,4,4,4,4,4,4
5237,0,0,0,0,0,0
5215,4,4,4,4,4,4
2849,0,0,0,0,0,0
512,4,4,4,4,4,4
4729,0,0,0,0,0,0
1081,0,0,0,0,0,0
1664,6,6,6,6,6,6
1012,1,1,1,1,1,1
1931,1,1,1,1,1,1
1150,1,1,1,1,1,1
2838,0,0,0,0,0,0
5949,2,2,2,2,2,2
116,3,3,3,3,3,3
740,2,2,2,2,2,2
6624,6,6,6,6,6,6
6070,4,4,4,4,4,4
5177,2,2,2,2,2,2
3675,1,1,1,1,1,1
5906,5,5,5,5,5,5
830,3,3,3,3,3,3
119,5,5,5,5,5,5
4752,3,3,3,3,3,3
6584,4,4,4,4,4,4
6530,5,5,5,5,5,5
6821,3,3,3,3,3,3
635,4,4,4,4,4,0
4465,3,3,3,3,3,3
4364,1,1,1,1,1,1
4142,3,3,3,3,3,3
991,0,0,0,0,0,0
876,3,3,3,3,3,3
4869,1,1,1,1,1,1
5315,3,3,3,3,3,3
5222,2,2,2,2,2,2
4,1,1,1,1,1,1
3051,4,4,4,4,4,4
5691,1,1,1,1,1,1
3124,5,5,5,5,5,5
6407,4,4,4,4,4,4
2660,2,2,2,2,2,2
2491,1,1,1,1,1,1
5173,3,3,3,3,3,3
3854,3,3,3,3,3,3
4933,5,5,5,5,5,5
4777,4,4,4,4,4,4
1715,1,1,1,1,1,1
6293,0,0,0,0,0,0
1148,1,1,1,1,1,1
3261,2,2,2,2,2,2
574,3,3,3,3,3,3
3769,6,6,6,6,6,6
3736,5,5,5,5,5,5
4146,1,1,1,1,1,1
853,6,6,6,6,6,6
1982,3,3,3,3,3,3
2774,5,5,5,5,5,5
5919,0,0,0,0,0,0
4929,5,5,5,5,5,5
5211,3,3,3,3,3,3
1166,0,0,0,0,0,0
6002,1,1,1,1,1,1
971,2,2,2,2,2,2
2701,5,5,5,5,5,5
4495,4,4,4,4,4,4
3847,0,0,0,0,0,0
2368,3,3,3,3,3,3
4115,1,1,1,1,1,1
4780,1,1,1,1,1,1
4131,6,6,6,6,6,6
2950,4,4,4,4,4,4
5625,6,6,6,6,6,6
524,1,1,1,1,1,1
2455,2,2,2,2,2,2
5016,1,1,1,1,1,1
1841,4,4,4,4,4,4
5986,1,1,1,1,1,1
537,4,4,4,4,4,4
2806,6,6,6,6,6,6
5801,5,5,5,5,5,5
5596,1,1,1,1,1,1
4341,1,1,1,1,1,1
3175,3,3,3,3,3,3
784,0,0,0,0,0,0
4057,2,2,2,2,2,2
1409,1,1,1,1,1,1
2537,6,6,6,6,6,6
154,6,6,6,6,6,6
3009,2,2,2,2,2,2
1686,6,6,6,6,6,6
2901,5,5,5,5,5,5
6832,3,3,3,3,3,3
4721,4,4,4,4,4,4
3863,3,3,3,3,3,3
2733,6,6,6,6,6,6
1895,6,6,6,6,6,6
5442,6,6,6,6,6,6
569,2,2,2,2,2,2
5854,5,5,5,5,5,5
1816,2,2,2,2,2,4
2065,3,3,3,3,3,3
127,1,1,1,1,1,1
3394,2,2,2,2,2,2
3327,3,3,3,3,3,3
6875,3,3,3,3,3,3
6102,6,6,6,6,6,6
2975,6,6,6,6,6,6
980,0,0,0,0,0,0
2300,4,4,4,4,4,4
190,1,1,1,1,1,1
1139,0,0,0,0,0,0
5088,1,1,1,1,1,1
699,5,5,5,5,5,5
6677,5,5,5,5,5,5
606,1,1,1,1,1,1
4276,1,1,1,1,1,1
301,1,1,1,1,1,1
3420,4,4,4,4,4,4
6641,4,4,4,4,4,4
1060,6,6,6,6,6,6
6698,5,5,5,5,5,5
6760,2,2,2,2,2,2
2565,6,6,6,6,6,6
6887,6,6,6,6,6,6
1069,6,6,6,6,6,6
2524,1,1,1,1,1,1
2205,0,0,0,0,0,0
1243,3,3,3,3,3,3
16,1,1,1,1,1,1
3120,6,6,6,6,6,6
6878,3,3,3,3,3,3
4642,5,5,5,5,5,5
4754,0,0,0,0,0,0
815,0,0,0,0,0,0
3067,6,6,6,6,6,6
6590,3,3,3,3,3,3
5600,5,5,5,5,5,5
959,6,6,6,6,6,6
6427,5,5,5,5,5,5
4893,6,6,6,6,6,6
225,3,3,3,3,3,3
6170,3,3,3,3,3,3
3354,5,5,5,5,5,5
5895,0,0,0,0,0,0
2485,0,0,0,0,0,0
562,5,5,5,5,5,5
3436,4,4,4,4,4,4
6373,4,4,4,4,4,4
6181,1,1,1,1,1,1
1693,2,2,2,2,2,2
1045,4,4,4,4,4,4
3446,0,0,0,0,0,0
4565,0,0,0,0,0,0
954,1,1,1,1,1,1
6874,5,5,5,5,5,5
2735,3,3,3,3,3,3
6766,2,2,2,2,2,2
4735,2,2,2,2,2,2
6644,2,2,2,2,2,2
1218,0,0,0,0,0,0
5254,1,1,1,1,1,1
5511,1,1,1,1,1,1
6560,0,0,0,0,0,0
1527,4,4,4,4,4,4
3987,5,5,5,5,5,5
6810,2,2,2,2,2,2
1300,0,0,0,0,0,0
6749,2,2,2,2,2,2
5699,5,5,5,5,5,5
160,2,2,2,2,2,2
4067,0,0,0,0,0,0
5800,0,0,0,0,0,0
956,0,0,0,0,0,0
3791,1,1,1,1,1,1
3234,0,0,0,0,0,0
2869,0,0,0,0,0,0
3777,2,2,2,2,2,2
4433,2,2,2,2,2,2
4973,3,3,3,3,3,3
6015,1,1,1,1,1,1
2961,2,2,2,2,2,2
5980,1,1,1,1,1,1
2200,3,3,3,3,3,3
98,6,6,6,6,6,6
6707,4,4,4,4,4,4
2557,1,1,1,1,1,1
3183,1,1,1,1,1,1
253,0,0,0,0,0,0
3923,1,1,1,1,1,1
4199,6,6,6,6,6,6
1445,2,2,2,2,2,2
5539,4,4,4,4,4,4
1648,3,3,3,3,3,3
4682,2,2,2,2,2,2
4723,3,3,3,3,3,3
3991,0,0,0,0,0,4
1696,2,2,2,2,2,2
3191,0,0,0,0,0,0
6197,5,5,5,5,5,5
6295,1,1,1,1,1,1
4499,0,0,0,0,0,4
1154,3,3,3,3,3,3
2255,5,5,5,5,5,5
1682,1,1,1,1,1,1
3170,1,1,1,1,1,1
2056,2,2,2,2,2,2
4090,3,3,3,3,3,3
6728,0,0,0,0,0,0
3108,2,2,2,2,2,2
4548,4,4,4,4,4,4
3723,1,1,1,1,1,1
6397,1,1,1,1,1,1
5423,6,6,6,6,6,6
2049,4,4,4,4,4,4
4976,4,4,4,4,4,4
3643,5,5,5,5,5,5
6805,0,0,0,0,0,0
623,1,1,1,1,1,1
6489,3,3,3,3,3,3
6636,1,1,1,1,1,1
5883,1,1,1,1,1,1
262,1,1,1,1,1,1
5730,0,0,0,0,0,0
3369,4,4,4,4,4,4
4061,5,5,5,5,5,5
5534,3,3,3,3,3,3
6294,4,4,4,4,4,4
6065,5,5,5,5,5,5
1802,5,5,5,5,5,5
4736,4,4,4,4,4,4
6885,2,2,2,2,2,2
2385,0,0,0,0,0,0
5759,0,0,0,0,0,0
1959,6,6,6,6,6,6
2976,5,5,5,5,5,5
488,0,0,0,0,0,0
1843,4,4,4,4,4,4
1734,3,3,3,3,3,3
2911,1,1,1,1,1,1
3219,3,3,3,3,3,3
146,2,2,2,2,2,2
5630,4,4,4,4,4,4
1986,0,0,0,0,0,0
1369,2,2,2,2,2,2
6546,2,2,2,2,2,2
6051,6,6,6,6,6,6
2811,6,6,6,6,6,6
659,3,3,3,3,3,3
1794,1,1,1,1,1,1
2511,4,4,4,4,4,4
3397,4,4,4,4,4,4
4282,3,3,3,3,3,3
1147,5,5,5,5,5,5
3272,4,4,4,4,4,4
608,6,6,6,6,6,6
6287,1,1,1,1,1,1
3582,4,4,4,4,4,4
1930,0,0,0,0,0,0
197,3,3,3,3,3,3
2931,6,6,6,6,6,6
2327,6,6,6,6,6,6
4389,0,0,0,0,0,0
766,1,1,1,1,1,4
4496,3,3,3,3,3,3
4218,0,0,0,0,0,0
3255,4,4,4,4,4,4
202,3,3,3,3,3,3
3510,0,0,0,0,0,0
4931,0,0,0,0,0,0
6390,0,0,0,0,0,0
5535,6,6,6,6,6,6
1733,1,1,1,1,1,1
5791,6,6,6,6,6,6
2777,4,4,4,4,4,4
1707,0,0,0,0,0,0
5172,3,3,3,3,3,3
5249,0,0,0,0,0,0
5757,5,5,5,5,5,5
3474,6,6,6,6,6,6
6528,5,5,5,5,5,5
5855,4,4,4,4,4,4
854,4,4,4,4,4,4
5685,2,2,2,2,2,2
6363,2,2,2,2,2,2
4737,3,3,3,3,3,3
4097,3,3,3,3,3,3
2160,4,4,4,4,4,4
698,2,2,2,2,2,2
6829,5,5,5,5,5,5
2999,3,3,3,3,3,3
3696,1,1,1,1,1,1
1636,5,5,5,5,5,5
3457,2,2,2,2,2,2
3581,0,0,0,0,0,0
1291,6,6,6,6,6,0
4659,6,6,6,6,6,6
6585,2,2,2,2,2,2
5616,5,5,5,5,5,5
1853,5,5,5,5,5,5
5232,4,4,4,4,4,4
3763,4,4,4,4,4,4
3304,5,5,5,5,5,5
6784,2,2,2,2,2,2
5727,3,3,3,3,3,3
3743,1,1,1,1,1,1
3445,1,1,1,1,1,1
1998,4,4,4,4,4,4
663,0,0,0,0,0,0
4779,2,2,2,2,2,2
5353,3,3,3,3,3,3
3748,1,1,1,1,1,1
4413,4,4,4,4,4,4
4744,4,4,4,4,4,4
5530,5,5,5,5,5,5
5575,6,6,6,6,6,6
709,5,5,5,5,5,5
1282,3,3,3,3,3,3
5864,3,3,3,3,3,3
5068,5,5,5,5,5,5
2675,3,3,3,3,3,3
4029,6,6,6,6,6,6
1306,4,4,4,4,4,4
5496,3,3,3,3,3,3
5504,5,5,5,5,5,5
2237,2,2,2,2,2,2
3302,4,4,4,4,4,4
5592,4,4,4,4,4,4
2038,6,6,6,6,6,6
1529,1,1,1,1,1,1
1663,4,4,4,4,4,4
5450,5,5,5,5,5,5
6813,3,3,3,3,3,3
6838,4,4,4,4,4,4
3627,0,0,0,0,0,0
5739,1,1,1,1,1,1
5147,0,0,0,0,0,0
4891,6,6,6,6,6,6
2693,2,2,2,2,2,2
3060,5,5,5,5,5,5
1597,6,6,6,6,6,6
6700,4,4,4,4,4,4
2729,1,1,1,1,1,1
2625,1,1,1,1,1,1
5915,0,0,0,0,0,0
3157,0,0,0,0,0,0
3314,2,2,2,2,2,2
1722,0,0,0,0,0,0
5279,5,5,5,5,5,5
6668,2,2,2,2,2,2
1059,2,2,2,2,2,2
4636,6,6,6,6,6,6
3242,6,6,6,6,6,6
1678,4,4,4,4,4,4
6374,0,0,0,0,0,0
6628,2,2,2,2,2,2
1757,4,4,4,4,4,4
6019,2,2,2,2,2,2
4191,1,1,1,1,1,1
5116,0,0,0,0,0,0
563,1,1,1,1,1,1
2790,6,6,6,6,6,6
863,3,3,3,3,3,3
1484,5,5,5,5,5,5
5977,5,5,5,5,5,5
5134,3,3,3,3,3,3
206,1,1,1,1,1,1
4488,0,0,0,0,0,0
870,5,5,5,5,5,5
4493,5,5,5,5,5,5
502,0,0,0,0,0,0
1028,5,5,5,5,5,5
3840,0,0,0,0,0,0
2690,3,3,3,3,3,3
5581,4,4,4,4,4,4
5056,2,2,2,2,2,2
1570,3,3,3,3,3,3
2773,6,6,6,6,6,6
5991,0,0,0,0,0,0
2731,6,6,6,6,6,6
6242,6,6,6,6,6,6
804,2,2,2,2,2,2
5847,1,1,1,1,1,1
3645,4,4,4,4,4,0
2454,2,2,2,2,2,4
4598,5,5,5,5,5,5
3104,6,6,6,6,6,6
4875,0,0,0,0,0,0
5959,0,0,0,0,0,0
200,2,2,2,2,2,2
6278,4,4,4,4,4,4
3099,6,6,6,6,6,0
6184,2,2,2,2,2,2
2278,0,0,0,0,0,0
3561,0,0,0,0,0,0
5892,6,6,6,6,6,6
4474,3,3,3,3,3,3
6432,4,4,4,4,4,4
4514,4,4,4,4,4,4
5794,5,5,5,5,5,5
391,6,6,6,6,6,0
6736,3,3,3,3,3,3
5618,6,6,6,6,6,6
5258,2,2,2,2,2,2
1495,3,3,3,3,3,3
2695,3,3,3,3,3,3
2027,4,4,4,4,4,4
5248,5,5,5,5,5,5
5463,5,5,5,5,5,5
2568,1,1,1,1,1,1
64,5,5,5,5,5,5
3884,1,1,1,1,1,1
2062,5,5,5,5,5,5
5276,5,5,5,5,5,5
492,3,3,3,3,3,3
379,6,6,6,6,6,6
6331,4,4,4,4,4,4
4859,5,5,5,5,5,5
6360,3,3,3,3,3,3
3993,6,6,6,6,6,6
4887,5,5,5,5,5,5
1076,1,1,1,1,1,1
878,4,4,4,4,4,0
337,5,5,5,5,5,5
6439,0,0,0,0,0,0
1016,0,0,0,0,0,2
1275,4,4,4,4,4,4
3798,3,3,3,3,3,3
4551,2,2,2,2,2,2
3342,2,2,2,2,2,2
4911,2,2,2,2,2,2
6413,3,3,3,3,3,3
995,3,3,3,3,3,3
1981,4,4,4,4,4,4
4297,6,6,6,6,6,6
161,5,5,5,5,5,5
5675,6,6,6,6,6,6
6545,4,4,4,4,4,4
4798,4,4,4,4,4,4
1500,1,1,1,1,1,1
3843,1,1,1,1,1,1
5225,1,1,1,1,1,1
2613,5,5,5,5,5,5
3461,5,5,5,5,5,5
1021,1,1,1,1,1,1
3073,2,2,2,2,2,2
3943,2,2,2,2,2,2
1585,5,5,5,5,5,5
1955,3,3,3,3,3,3
3152,1,1,1,1,1,1
6349,1,1,1,1,1,1
34,1,1,1,1,1,1
4014,4,4,4,4,4,4
775,2,2,2,2,2,2
2556,4,4,4,4,4,2
1478,1,1,1,1,1,1
5486,3,3,3,3,3,3
6235,4,4,4,4,4,4
1363,1,1,1,1,1,1
2612,4,4,4,4,4,4
2824,3,3,3,3,3,3
2041,5,5,5,5,5,5
241,6,6,6,6,6,6
2061,2,2,2,2,2,2
2363,4,4,4,4,4,4
600,3,3,3,3,3,3
2435,3,3,3,3,3,3
5393,4,4,4,4,4,4
6310,4,4,4,4,4,4
2888,0,0,0,0,0,0
6164,0,0,0,0,0,0
646,3,3,3,3,3,3
3890,5,5,5,5,5,5
3556,2,2,2,2,2,2
3202,5,5,5,5,5,5
1528,1,1,1,1,1,1
1267,1,1,1,1,1,1
1899,6,6,6,6,6,6
4658,6,6,6,6,6,6
3005,5,5,5,5,5,5
2734,2,2,2,2,2,2
189,0,0,0,0,0,2
1806,3,3,3,3,3,3
975,3,3,3,3,3,3
2747,1,1,1,1,1,1
2047,0,0,0,0,0,0
2558,5,5,5,5,5,5
1082,1,1,1,1,1,1
474,0,0,0,0,0,0
2904,5,5,5,5,5,5
4843,6,6,6,6,6,6
6396,3,3,3,3,3,3
4117,5,5,5,5,5,5
3385,5,5,5,5,5,5
4555,6,6,6,6,6,6
1184,2,2,2,2,2,2
6420,0,0,0,0,0,0
5051,2,2,2,2,2,2
5311,4,4,4,4,4,4
2433,4,4,4,4,4,4
5611,2,2,2,2,2,2
2391,5,5,5,5,5,5
769,4,4,4,4,4,4
1685,6,6,6,6,6,6
130,6,6,6,6,6,6
2919,1,1,1,1,1,1
3171,2,2,2,2,2,2
3444,2,2,2,2,2,2
6231,0,0,0,0,0,0
5578,5,5,5,5,5,5
4426,6,6,6,6,6,6
5334,6,6,6,6,6,6
466,6,6,6,6,6,6
6265,4,4,4,4,4,4
5734,2,2,2,2,2,2
3092,2,2,2,2,2,2
3772,6,6,6,6,6,6
5191,6,6,6,6,6,6
5226,6,6,6,6,6,6
5390,5,5,5,5,5,5
860,6,6,6,6,6,0
